page,chapter,section,project_name,budget_2026_text,budget_2026_man_yen,budget_2025_text,budget_2025_man_yen,budget_diff_man_yen,budget_change_rate_pct,department,account_or_code,purpose,main_actions,major_expenses_prev
5,自然やもののいのちを大切にし、美しく豊かなまち,自然環境の保全,山林維持管理事業,"1,418万円",1418,"1,097万円",1097.0,321.0,29.2616226071103,産業振興課,01-06-02-02-10,鳥獣等による森林被害の防止を図るとともに、森林整備の遅れている民 有林の整備を行う。,鳥獣等による森林被害の防止 / 森林整備の遅れている民有林の整備,森林整備計画調査委託料 198万円 / 有害鳥獣駆除委託料 147万円 / ライフライン等保全対策業務委託料 220万円
5,自然やもののいのちを大切にし、美しく豊かなまち,自然環境の保全,間伐対策事業,81万円,81,－,,,,産業振興課,01-06-02-02-12,補助金を交付することにより民有林の間伐の促進を図る。,間伐施業に対する補助金の交付,間伐対策事業補助金 81万円
6,自然やもののいのちを大切にし、美しく豊かなまち,自然環境の保全,信州産ペレット消費拡大事業,20万円,20,20万円,20.0,0.0,0.0,産業振興課,01-06-02-02-14,長野県の林業及び木材産業の振興並びに県産材の利用促進や健全な 森林の育成及び地球温暖化防止のための森林整備等の観点から、ペ レットストーブを設置した事業実施主体者に補助金を交付する。,ペレットストーブ設置者に対する補助金の交付,木質バイオマス循環利用普及促進事業補助金 20万円
6,自然やもののいのちを大切にし、美しく豊かなまち,自然環境の保全,町有林整備事業,393万円,393,443万円,443.0,-50.0,-11.286681715575622,産業振興課,01-06-02-03-10,森林の有する多面的機能を総括的、且つ高度に発揮するため、適切な森 林整備の実施により健全な森林資源としての町有林の維持造成を推進す る。,町有林の整備（下刈・間伐・枝打ち）,造林事業委託料 372万円 / 消耗品費 13万円
6,自然やもののいのちを大切にし、美しく豊かなまち,自然環境の保全,林道維持管理事業,839万円,839,"1,783万円",1783.0,-944.0,-52.94447560291643,産業振興課,01-06-02-04-10,森林の持つ木材の生産、治山・治水等多面的機能の維持増進のために森林整備の基盤施設である林内路 網について、路面や法面の維持管理を行う。,林道・作業道の補修・整備,林道萩倉線改良工事測量設計委託料 51万円 / 林道維持管理委託料 69万円 / 林道維持補修工事費 354万円 / 林道萩倉線改良工事費 280万円 / 補修用資材代 31万円
7,自然やもののいのちを大切にし、美しく豊かなまち,自然環境の保全,環境関係基礎調査事業,173万円,173,173万円,173.0,0.0,0.0,住民環境課,01-04-01-07-10,環境保全の基礎となる河川地下水の水質測定、自動車交通等に伴う騒音振動測定等を実施し、住民生活の 安心確保や良好な生活環境の保持を図る。,基礎調査の実施,水質検査委託料 102万円 / 騒音等測定解析委託料 72万円
7,自然やもののいのちを大切にし、美しく豊かなまち,自然環境の保全,水産業振興事業,100万円,100,100万円,100.0,0.0,0.0,産業振興課,01-06-03-01-10,水産振興のため魚類の増殖及び外来魚駆除を支援することで、ワカサギを始めとした水産資源を確保する。,実施団体に対する補助金の交付,諏訪湖漁業協同組合補助金 100万円
7,自然やもののいのちを大切にし、美しく豊かなまち,自然環境の保全,地球温暖化対策事業,466万円,466,521万円,521.0,-55.0,-10.556621880998081,住民環境課,01-04-01-07-16,地球温暖化対策のための施策を検討するとともに、家庭などでの町民の 取り組みの推進を図る。 施,地球温暖化対策の周知・啓発、イベント等の実,家庭用ゼロカーボン補助金 300万円 / 事業者用ゼロカーボン補助金 100万円 / 温泉熱事業技術提案報酬金 12万円
8,自然やもののいのちを大切にし、美しく豊かなまち,生活基盤の充実,車両購入経費,179万円,179,126万円,126.0,53.0,42.06349206349206,総務課,01-02-01-05-12,車両更新計画に基づき、公用車両の計画的な更新を行う。 車両の更新にあたっては可能な限り低公害車を選定し、省エネルギーの推進を図る。,低公害車導入による省エネルギーの推進,測量委託料 204万円 / 消耗品費 4万円
8,自然やもののいのちを大切にし、美しく豊かなまち,生活基盤の充実,施設管理費,372万円,372,372万円,372.0,0.0,0.0,総務課,01-02-01-04-12,町が保有する普通財産を一括管理することにより、効率的な財産管理を行う。,普通財産の一括管理 / 指定管理者制度の活用,火災保険料 110万円 / 修繕料 100万円 / 友之町駐車場管理委託料 96万円
8,自然やもののいのちを大切にし、美しく豊かなまち,生活基盤の充実,登記事務経費,207万円,207,342万円,342.0,-135.0,-39.473684210526315,総務課,01-02-01-04-14,道水路内民地や民地内道水路の適切な登記を行うことにより、町有財産の明確化を図る。,適切な登記処理事務の実施,車両購入費 177万円 / 自動車損害保険料 2万円
9,自然やもののいのちを大切にし、美しく豊かなまち,生活基盤の充実,町営住宅管理費,12万円,12,12万円,12.0,0.0,0.0,総務課,01-08-05-01-10,町民に低廉な価格で住宅の提供を行う。,町営住宅の維持管理,修繕料 9万円 / 補修用資材代 2万円 / 火災保険料 1万円
9,自然やもののいのちを大切にし、美しく豊かなまち,生活基盤の充実,駐車場事業,735万円,735,695万円,695.0,40.0,5.755395683453238,総務課,駐車場事業特別会計,安心安全で暮らしやすい生活基盤の充実とまち歩き観光の拠点として、公 営駐車場の管理運営を行う。,町営四ツ角駐車場の管理運営,四ツ角駐車場管理補助委託料 346万円 / 駐車場用地借上料 270万円 / 町債償還元金 64万円
9,自然やもののいのちを大切にし、美しく豊かなまち,生活基盤の充実,一般経費(都市計画総務費),"1,278万円",1278,"1,055万円",1055.0,223.0,21.137440758293838,建設水道課,01-08-04-01-05,都市計画法に基づく手続きや調査を行うことで都市の健全な発展と秩序ある整備を図るとともに、都市計画基本図や都 市計画決定情報のデジタル化及び更新を行うことで横断的な利用促進を図る。また、立地適正化計画に基づき「コンパク ト・プラス・ネットワークのまちづくり」を推進することで持続可能な都市運営を図る。 都市計画決定情報のデジタル化 組の検討,都市計画法関係手続き及び都市計画基本図や / 立地適正化計画による制度の適切な運用と取,都市計画基礎調査委託料 754万円 / 用途地域変更業務委託料 264万円 / 地域開発整備基金積立金 114万円
10,自然やもののいのちを大切にし、美しく豊かなまち,生活基盤の充実,一般経費(財産管理費),"1,902万円",1902,"1,808万円",1808.0,94.0,5.199115044247788,総務課,01-02-01-04-05,財産管理等に関わる保険加入や庁舎宿直業務等の委託を行うことにより、安心安全な施設利用を図る。 土地開発公社に対する借入利子補助及び用地取得を行い、土地開発公社の将来負担軽減を図る。,保険加入・庁舎宿直業務等の委託 / 土地開発公社に対する借入利子補助 / 土地開発公社保有地の取得,宿直業務委託料 773万円 / 事務機器借上料 475万円 / 町土地開発公社借入利子補助金 189万円 / 総合賠償補償保険料 165万円 / 公共施設整備基金利子積立金 116万円
10,自然やもののいのちを大切にし、美しく豊かなまち,生活基盤の充実,街なみ環境整備事業,352万円,352,"1,644万円",1644.0,-1292.0,-78.58880778588808,建設水道課,01-08-04-05-10,地域住民との協働により当町特有の歴史・文化を継承しつつ、歴史的な 街なみの環境を良好に維持または潤いある住環境を整備する。またそれ による波及的効果でまちの活性化を図る。 整備,歴史的景観に資する施設及び住宅等住環境の,街づくり協議会活動助成金 40万円 / 街なみ環境整備事業（修景施設整備）補助金 300万円 / 消耗品費 12万円
10,自然やもののいのちを大切にし、美しく豊かなまち,生活基盤の充実,グランドデザイン策定事業,557万円,557,719万円,719.0,-162.0,-22.531293463143253,総合政策課,01-08-04-05-14,将来まちのあるべき姿（まちづくりの基本方針）について、住民、事業者、 学生、行政が一体となって議論・検討し、誰もが認識できるよう各地区の 将来像をデザイン化（グランドデザイン）する。 業の推進,関係者との連携によるグランドデザイン策定事,事業協力者等謝礼 22万円 / グランドデザイン策定委託料 535万円
11,自然やもののいのちを大切にし、美しく豊かなまち,生活基盤の充実,バイパス対策事業,"1,497万円",1497,192万円,192.0,1305.0,679.6875,建設水道課,01-08-04-04-10,バイパスの整備による交通の円滑化や防災性の向上、観光産業や経済活 動の活性化など複合的な効果の発現により安全で快適な地域生活の実 現を目指す。 事業化区間の早期工事着手,国道２０号下諏訪岡谷バイパスの早期開通 / 国道２０号諏訪バイパスの早期全線事業化及び,"地籍調査業務委託料 1,315万円 / 資料作成委託料 96万円"
11,自然やもののいのちを大切にし、美しく豊かなまち,生活基盤の充実,都市計画道路事業,"7,868万円",7868,"1億1,414万円",11414.0,-3546.0,-31.06711056597161,建設水道課,01-08-04-06-10,赤砂東山田線整備により下諏訪岡谷バイパスと中心市街地・湖岸地区を 結ぶ南北の幹線道路が完成し、交通円滑化や防災力向上に加え、観光や 地域経済の活性化など多面的な効果が期待される。,赤砂東山田線の整備促進 / 赤砂東山田線関連事業の実施,"赤砂東山田線事業関連用地購入費 265万円 / 赤砂東山田線街路事業地元負担金 7,600万円"
11,自然やもののいのちを大切にし、美しく豊かなまち,生活基盤の充実,道路新設改良事業,"6,531万円",6531,"3,340万円",3340.0,3191.0,95.53892215568862,建設水道課,01-08-02-03-10,道路環境の整備及び道路防災の機能を高め、利便性の向上と災害に強 い道路づくりを目指す。,道路、水路及び交差点の改良工事,"測量設計委託料 1,542万円 / 工事請負費 4,989万円"
12,自然やもののいのちを大切にし、美しく豊かなまち,生活基盤の充実,道路維持補修事業,"9,388万円",9388,"1億4,610万円",14610.0,-5222.0,-35.74264202600958,建設水道課,01-08-02-02-10,道路機能の維持を図り交通体系の円滑化を目指す。,道路維持補修工事 / 道路局所補修工事,"融雪剤購入費 279万円 / 道路維持管理委託料 448万円 / 道路維持補修工事費 8,500万円"
12,自然やもののいのちを大切にし、美しく豊かなまち,生活基盤の充実,橋りょう維持補修事業,90万円,90,50万円,50.0,40.0,80.0,建設水道課,01-08-02-04-10,橋りょうの維持管理を図り交通体系の円滑化を目指す。,橋りょう維持補修工事,橋りょう維持補修工事費 90万円
12,自然やもののいのちを大切にし、美しく豊かなまち,生活基盤の充実,道路メンテナンス事業,2億130万円,20130,"4億1,625万円",41625.0,-21495.0,-51.63963963963965,建設水道課,01-08-02-05-12,計画的な橋りょう等の維持管理や更新を図り、安心安全な道路ネットワー クを確保する。 検の実施,補助事業を活用した橋りょうの健全化 / 道路法に基づく５年に１回の近接目視による点 / 橋りょう長寿命化修繕計画策定,"測量設計委託料 452万円 / 橋りょう点検委託料 1,400万円 / 高木橋改良事業委託料 1億7,354万円"
13,自然やもののいのちを大切にし、美しく豊かなまち,生活基盤の充実,用悪水路維持補修事業,90万円,90,98万円,98.0,-8.0,-8.16326530612245,建設水道課,01-08-02-06-10,用悪水路の維持管理を実施し、冠水対策を図る。,鰻沢周辺の冠水被害の軽減,鰻沢浚渫工事費 90万円
13,自然やもののいのちを大切にし、美しく豊かなまち,生活基盤の充実,浄水施設整備事業,"7,000万円",7000,"5,710万円",5710.0,1290.0,22.59194395796848,建設水道課,水道事業会計,水道水安定供給のため老朽化による浄水施設及び関連施設等の機能を強化する。,浄水施設及び関連施設等の改修 / 導送水管の布設替え工事,"第１配水池流量計ＵＰＳ更新工事 500万円 / 東俣浄水場自家用発電機燃料タンク増設工事1,200万円"
13,自然やもののいのちを大切にし、美しく豊かなまち,生活基盤の充実,配水施設整備事業,"1億2,330万円",12330,"9,652万円",9652.0,2678.0,27.745544964774137,建設水道課,水道事業会計,災害時等の有事に対応する配水管網の整備及び水道水安定供給のための配水施設の整備を行う。 え,配水管を耐震性能を有する水道管への布設替,"配水施設整備事業費 1億2,330万円"
14,自然やもののいのちを大切にし、美しく豊かなまち,生活基盤の充実,流域下水道事業,"2億6,979万円",26979,"2億9,901万円",29901.0,-2922.0,-9.772248419785292,建設水道課,下水道事業会計,生活を支えるインフラとして適正かつ効率的な維持管理を推進し施設の機能維持と経営の健全化を目指す。,計画的な整備と安定した汚水処理の実施,"建設費負担金 4,729万円 / 維持管理費負担金 2億2,249万円"
14,自然やもののいのちを大切にし、美しく豊かなまち,生活基盤の充実,維持管理事業（管渠費）,"2,388万円",2388,"3,460万円",3460.0,-1072.0,-30.982658959537574,建設水道課,下水道事業会計,生活を支えるインフラとして適正かつ効率的な維持管理を推進し施設の 機能維持と経営の健全化を目指す。,適切な維持管理の推進 / 効率的な維持管理の推進,"下水道施設管理委託料 1,383万円 / 下水道施設修繕費 116万円 / 下水道施設工事費 335万円"
14,自然やもののいのちを大切にし、美しく豊かなまち,生活基盤の充実,公共下水道事業,"1億5,975万円",15975,2億905万円,20905.0,-4930.0,-23.582874910308536,建設水道課,下水道事業会計,生活を支えるインフラとして計画的かつ効率的な維持管理及び災害に強 い施設の構築を推進し持続可能な運営による水と資源の健全な循環を 目指す。,ストックマネジメントの推進 / 地震対策の推進 / 雨水排水対策の推進,"下水道管渠移設事業費 5,500万円 / 老朽化・地震対策事業費 7,900万円 / 官民連携等基盤強化推進事業費 2,300万円"
15,自然やもののいのちを大切にし、美しく豊かなまち,生活基盤の充実,一般経費(温泉管理費),"1億7,879万円",17879,"1億8,293万円",18293.0,-414.0,-2.2631607718799542,建設水道課,温泉事業特別会計,地域資源である温泉を活用し、健康でゆとりある暮らしを支え環境負荷軽 減も図る。 推進,温泉の安定的な供給と温泉資源の有効利用の / 安定的な温泉経営の運営 / 温泉法に基づく温泉施設の成分分析実施,"温泉施設維持管理等委託料 792万円 / 温泉施設修繕料 2,400万円 / 温泉施設整備工事費 6,850万円"
15,自然やもののいのちを大切にし、美しく豊かなまち,生活基盤の充実,砥川治水対策事業,7万円,7,3万円,3.0,4.0,133.33333333333331,建設水道課,01-08-03-01-10,県で実施する砥川流域における治水対策事業に協力するとともに「諏訪 圏域河川整備計画」に基づく広域的な治水対策を推進することにより、地 域住民の安心安全を図る。,砥川治水対策事業の推進 / 広域的な流域治水の推進,河川整備等要望活動費 5万円 / 砥川美化活動に係る消耗品費 1万円
15,自然やもののいのちを大切にし、美しく豊かなまち,生活基盤の充実,バス運行事業,"4,353万円",4353,"4,429万円",4429.0,-76.0,-1.7159629713253557,住民環境課,01-02-01-09-10,特に遠隔地における高齢者や児童・生徒等、交通弱者の買い物、通院、通 学等身近な移動手段として、安価な運賃の交通手段を確保し、生活環境 の向上を図る。,バスの適正運行,"あざみ号運行経費 3,618万円 / キャッシュレス決済経費 72万円 / AED借上料 8万円"
16,自然やもののいのちを大切にし、美しく豊かなまち,生活基盤の充実,狂犬病予防対策事業,33万円,33,36万円,36.0,-3.0,-8.333333333333332,住民環境課,01-04-01-07-14,狂犬病予防法に基づく犬の登録と、狂犬病予防注射の実施。,犬の登録と狂犬病予防注射の実施,犬登録管理及び狂犬病予防注射委託料 30万円 / 消耗品費 3万円
16,自然やもののいのちを大切にし、美しく豊かなまち,生活基盤の充実,資源物等処理事業,1億817万円,10817,1億532万円,10532.0,285.0,2.7060387390808964,住民環境課,01-04-02-02-10,町内のごみ収集場所や駅東リサイクルステーション等からの資源物及び埋立ごみの円滑な収集運搬ととも に、駅東リサイクルステーションの維持管理の実施。,資源物の適正な収集運搬及び処理,"資源物収集委託料 4,079万円 / 燃やすごみ収集委託料 4,686万円 / 処理委託料 1,996万円"
16,自然やもののいのちを大切にし、美しく豊かなまち,生活基盤の充実,生ごみリサイクル事業,"1,138万円",1138,"1,147万円",1147.0,-9.0,-0.7846556233653008,住民環境課,01-04-02-02-16,家庭及び公共施設から出る生ごみをリサイクルすることにより、環境負荷の低減及び焼却施設の負荷軽減を 図り、循環型社会の形成を推進する。,生ごみリサイクル事業の活動周知 / 生ごみ処理機器活用促進,会計年度任用職員報酬等 175万円 / 生ごみ処理委託料 809万円 / 生ごみ処理機器設置補助金 55万円
17,自然やもののいのちを大切にし、美しく豊かなまち,生活基盤の充実,清掃センター管理費,"1,983万円",1983,"1,899万円",1899.0,84.0,4.423380726698262,住民環境課,01-04-02-02-18,民間委託による清掃センターを活用した資源物及び埋立ごみの直接持込の受付と施設の適切な維持管理を 図る。,資源物及び埋立ごみの持込 / 清掃センターの適切な維持管理,"管理運営委託料 1,584万円 / 電気料 181万円 / 施設修繕代 76万円 / 電気保安業務委託料 60万円 / 消防用設備保守委託料 26万円"
17,自然やもののいのちを大切にし、美しく豊かなまち,生活基盤の充実,湖周ごみ処理施設整備事業,"1億5,384万円",15384,"1億3,504万円",13504.0,1880.0,13.921800947867299,住民環境課,01-04-02-02-20,湖周地区（岡谷市、諏訪市、下諏訪町）の広域ごみ処理施設の整備を行 い、循環型社会を構築する。,広域ごみ処理施設の適正な施設管理,"湖周行政事務組合負担金 1億5,384万円"
17,自然やもののいのちを大切にし、美しく豊かなまち,生活基盤の充実,空家等対策事業,451万円,451,470万円,470.0,-19.0,-4.042553191489362,建設水道課,01-08-04-01-18,今後、更なる増加が懸念される空家の中でも倒壊等により周囲へ影響を及ぼす可能性のある老朽化した空 家の除却を促進することで安全で安心なまちづくりの推進を図る。 言、勧告、代執行等の法的措置の段階的実施,老朽危険空家の解体に要する費用への補助 / 危険性や切迫性の高い特定空家等の認定や助 / 住民への積極的な普及啓発,特定空家等事前調査委託料 48万円 / 老朽危険空家除却補助金 400万円 / 事業協力者謝礼 3万円
18,自然やもののいのちを大切にし、美しく豊かなまち,生活基盤の充実,公園整備事業,990万円,990,－,,,,建設水道課,01-08-04-03-14,地域のコミュニティに資する公園等の整備を行うことで良好な生活環境の向上を図る。,公園等の整備,公園整備工事費 990万円
18,自然やもののいのちを大切にし、美しく豊かなまち,生活基盤の充実,一般公園緑地管理費,"1,600万円",1600,"1,585万円",1585.0,15.0,0.9463722397476341,建設水道課,01-08-04-03-10,定期的な点検及びそれによる補修等により事故を予防する。また必要に 応じて公園施設を更新及び適切な維持管理を行うことで快適な公園環境 を整える。また公園以外の緑地も適切に管理し良好な環境を確保する。,一般公園等の適切な維持管理,"光熱水費 180万円 / 修繕料 124万円 / 施設管理等補助委託料 1,032万円"
18,自然やもののいのちを大切にし、美しく豊かなまち,生活基盤の充実,いずみ湖公園管理費,512万円,512,653万円,653.0,-141.0,-21.592649310872893,建設水道課,01-08-04-03-12,いずみ湖公園の適切な運営及び維持管理を行うことを目的とする。また、 劣化が著しく、利用者が減少しているテニスコートを中心に公園全体の利 活用について検討を行い、公園サービスの向上を図る。,いずみ湖公園の適切な運営及び維持管理 / いずみ湖公園の利活用検討,いずみ湖公園マレットゴルフ場管理委託料 185万円 / いずみ湖公園管理補助委託料 131万円
20,進んで教養を深め、かおり高い文化を創造するまち,多様な学びの環境整備,一般経費(事務局費),870万円,870,"1,300万円",1300.0,-430.0,-33.07692307692307,教育こども課,01-10-01-02-05,教育委員会事務局に関わる庶務や、しもすわ未来議会等の各種事業運 営の委託などを行う。 施,しもすわ未来議会やこども研究所などの事業実,教育支援委員会委員等報酬等 648万円 / しもすわ未来議会番組制作委託料 38万円
20,進んで教養を深め、かおり高い文化を創造するまち,多様な学びの環境整備,学校体育施設開放事業,59万円,59,74万円,74.0,-15.0,-20.27027027027027,教育こども課,01-10-01-02-16,夜間校庭を社会体育活動に開放することにより、地域の生涯スポーツの振興を図るとともに、照明を整備し、 緊急時の避難所としての機能の向上を図る。,学校照明設備の計画的な更新と維持管理,施設維持管理経費 59万円
21,進んで教養を深め、かおり高い文化を創造するまち,多様な学びの環境整備,教職員住宅管理費,3万円,3,3万円,3.0,0.0,0.0,教育こども課,01-10-01-04-10,管理職用の教職員住宅を確保することで緊急時における施設対応や町との連携を図る。,教職員への教員住宅としての貸し出し,修繕料 2万円 / 火災保険料 1万円
21,進んで教養を深め、かおり高い文化を創造するまち,多様な学びの環境整備,小学校管理運営事業,"1億1,742万円",11742,"1億1,317万円",11317.0,425.0,3.755412211716886,教育こども課,01-10-02-01-10,必要な学校管理を行うとともに、学校施設の整備を行うことで、充実した学校生活により児童の健全育成を図 るとともに、地域活動の拠点、災害時の避難所としての環境整備を図る。 施,南小、北小学校の学校運営に係る管理 / 南小、北小学校の施設や器具等の修繕等の実,"会計年度任用職員(学校事務員等)報酬等 2,013万円 / 学校業務委託料 5,192万円 / 光熱水費 2,531万円"
21,進んで教養を深め、かおり高い文化を創造するまち,多様な学びの環境整備,小学校教材用備品購入事業,325万円,325,410万円,410.0,-85.0,-20.73170731707317,教育こども課,01-10-02-02-16,教育活動に係る備品を整備することで、効率的・効果的な授業運営を可能にする。,教材用備品の購入,教材用備品購入費 155万円 / 図書購入費 170万円
22,進んで教養を深め、かおり高い文化を創造するまち,多様な学びの環境整備,小学校一般用備品購入事業,185万円,185,94万円,94.0,91.0,96.80851063829788,教育こども課,01-10-02-02-18,活動等に係る備品を整備し、効率的・効果的で安全な小学校運営を図る。,備品の購入,事業用備品購入費 174万円 / 保健用備品購入費 11万円
22,進んで教養を深め、かおり高い文化を創造するまち,多様な学びの環境整備,中学校管理運営事業,"8,823万円",8823,"9,270万円",9270.0,-447.0,-4.82200647249191,教育こども課,01-10-03-01-10,必要な学校管理を行うとともに、学校施設の整備を行うことで、充実した学校生活により生徒の健全育成を図 るとともに、地域活動の拠点、災害時の避難所としての環境整備を図る。 施,下中、社中学校の学校運営に係る管理 / 下中、社中学校の施設や器具等の修繕等の実,"会計年度任用職員(学校事務員等)報酬等 2,613万円 / 学校業務委託料 3,079万円 / 光熱水費 1,468万円"
22,進んで教養を深め、かおり高い文化を創造するまち,多様な学びの環境整備,中学校整備事業,490万円,490,526万円,526.0,-36.0,-6.844106463878327,教育こども課,01-10-03-01-12,学校施設の改修整備を行うことで、安心安全な学校づくりを目指し、利便性の向上と生徒が快適な学校生活 を送れるようにする。,必要な改修整備の実施,社中学校トイレ改修工事設計監委託料 50万円 / 社中学校トイレ改修工事費 440万円
23,進んで教養を深め、かおり高い文化を創造するまち,多様な学びの環境整備,中学校教材用備品購入事業,280万円,280,"1,087万円",1087.0,-807.0,-74.24103035878565,教育こども課,01-10-03-02-16,教育活動に係る備品を整備することで、効率的・効果的な授業運営を可能にする。,教材用備品の購入,教材用備品購入費 160万円 / 図書購入費 120万円
23,進んで教養を深め、かおり高い文化を創造するまち,多様な学びの環境整備,中学校一般用備品購入事業,125万円,125,142万円,142.0,-17.0,-11.971830985915492,教育こども課,01-10-03-02-18,学校運営や活動等に係る備品を整備することで、効率的・効果的で安全な学校運営を可能にする。,備品の購入,事業用備品購入費 106万円 / 施設用備品購入費 20万円
23,進んで教養を深め、かおり高い文化を創造するまち,多様な学びの環境整備,教職員用コンピュータ配備事業,"2,276万円",2276,"2,256万円",2256.0,20.0,0.8865248226950355,教育こども課,01-10-01-02-12,教職員が授業等必要な業務を行うため、また、教職員の負担軽減につながるよう、ICT機器の整備を実施す る。 機器を含めた維持管理,教職員用校務コンピュータ等の借上および周辺,"コンピューターシステム保守委託料 582万円 / ICT支援業務委託料 32万円 / 事務機器借上料 1,235万円 / コンピューターシステム使用料 238万円 / 統合型校務支援システム負担金 190万円"
24,進んで教養を深め、かおり高い文化を創造するまち,多様な学びの環境整備,一般経費(小学校管理費),"5,278万円",5278,"4,940万円",4940.0,338.0,6.842105263157896,教育こども課,01-10-02-01-05,学校運営、授業の実施、児童の健康管理等を行う。 耗品の購入の実施,南小、北小学校の学校運営に必要な委託や消 / 南小、北小学校の給食会計への補助,消耗品費 44万円 / 通信運搬費 4万円 / コンピュータシステム保守委託料 253万円
24,進んで教養を深め、かおり高い文化を創造するまち,多様な学びの環境整備,小学校英語教科補助指導事業,"1,913万円",1913,"1,914万円",1914.0,-1.0,-0.052246603970741906,教育こども課,01-10-02-02-20,英語の各授業に外国語講師を配置し、教員をサポートする。各校に応じた 授業計画を立案し、英語教育の充実を図る。,外国語講師の配置,"消耗品費 1万円 / 英語教科補助指導業務委託料 1,912万円"
24,進んで教養を深め、かおり高い文化を創造するまち,多様な学びの環境整備,小学校コンピュータ教育事業,705万円,705,"1,559万円",1559.0,-854.0,-54.77870429762668,教育こども課,01-10-02-02-22,情報化社会の進展の中、子どもたちのコンピュータに関する基礎能力の 習得を図るため、文部科学省の教育用コンピュータ新整備方針に基づき 情報教育の充実を図る。,１人１台端末及び電子黒板等の整備・維持管理,"学校医等報酬 376万円 / 消耗品費 524万円 / 学校給食費補助金 3,947万円 / 児童災害共済掛金 65万円"
25,進んで教養を深め、かおり高い文化を創造するまち,多様な学びの環境整備,一般経費(中学校管理費),"2,445万円",2445,"3,161万円",3161.0,-716.0,-22.651059791205313,教育こども課,01-10-03-01-05,学校運営、授業の実施、生徒の健康管理等を行う。 耗品の購入の実施,下中、社中学校の学校運営に必要な委託や消 / 下中、社中学校の給食費に対する補助,消耗品費 81万円 / 通信運搬費 4万円 / コンピュータシステム保守委託料 253万円
25,進んで教養を深め、かおり高い文化を創造するまち,多様な学びの環境整備,中学校英語教科補助指導事業,"1,312万円",1312,"2,370万円",2370.0,-1058.0,-44.641350210970465,教育こども課,01-10-03-02-20,英語の各授業に外国語講師を配置し、教員をサポートする。各校に応じた 授業計画を立案し、英語教育の充実を図る。,外国語講師の派遣,学校医等報酬 348万円 / 消耗品費 438万円 / 学校給食費無償化補助金 952万円 / 学校給食費補助金 286万円
25,進んで教養を深め、かおり高い文化を創造するまち,多様な学びの環境整備,中学校コンピュータ教育事業,878万円,878,"1,444万円",1444.0,-566.0,-39.19667590027701,教育こども課,01-10-03-02-24,情報化社会の進展の中、子どもたちのコンピュータに関する基礎能力の 習得を図るため、文部科学省の教育用コンピュータ新整備方針に基づき 情報教育の充実を図る。,１人１台端末及び電子黒板等の整備・維持管理,"消耗品費 1万円 / 英語教科補助指導業務委託料 1,311万円"
26,進んで教養を深め、かおり高い文化を創造するまち,多様な学びの環境整備,奨学金貸付事業,13万円,13,12万円,12.0,1.0,8.333333333333332,教育こども課,01-10-01-03-10,奨学基金を財源とした、貸与型奨学金の実施を行う。ただし、実際の貸与は基金から行い、この事業としては 奨学基金利子や寄附等の積立を実施する。 へ積立,奨学基金に対する寄附や利子などを奨学基金,事務手数料 4万円 / 奨学基金積立金 9万円
26,進んで教養を深め、かおり高い文化を創造するまち,多様な学びの環境整備,こども未来基金貸付事業,7万円,7,8万円,8.0,-1.0,-12.5,教育こども課,01-10-01-03-12,こども未来基金を活用して、経済的に苦しい家庭を対象に、「中学生海外研修事業」「給付型奨学金」などの 支援を行ったり活用事業として「こどもらんど」「居場所づくり」「教育支援」を行う。この事業については、こど も未来基金貸付事業は寄付金や利子の積立を行う。 積立,こども未来基金に対する寄附や利子の基金への,こども未来基金利子積立金 7万円
26,進んで教養を深め、かおり高い文化を創造するまち,多様な学びの環境整備,こども未来基金活用事業,712万円,712,482万円,482.0,230.0,47.71784232365145,教育こども課,01-10-01-03-14,こども未来基金を活用して、経済的に苦しい家庭を対象に、「こどもらんど」「居場所づくり」「教育支援」の各 事業をおこなうことで、平等に教育が受けられるように支援をする。,各事業に対する貸与もしくは補助金の交付,こどもらんど事業補助金 68万円 / こどもの居場所づくり事業補助金 24万円 / こどもの教育支援事業補助金 620万円
27,進んで教養を深め、かおり高い文化を創造するまち,多様な学びの環境整備,遠距離通学児童補助事業,32万円,32,32万円,32.0,0.0,0.0,教育こども課,01-10-02-02-10,遠距離通学でバスを利用して通学している児童生徒へ通学費の補助を行い、経済的負担の軽減を図る。,通学費の一部もしくは全額の補助,児童通学費補助金 32万円
27,進んで教養を深め、かおり高い文化を創造するまち,多様な学びの環境整備,小学校就学援助事業,900万円,900,609万円,609.0,291.0,47.783251231527096,教育こども課,01-10-02-02-12,「下諏訪町要保護及び準要保護児童生徒援助費支給要綱」の規定に基づき、経済的理由によって就学が困 難な児童に対し就学援助を行う。,就学援助費の支給,就学援助費 900万円
27,進んで教養を深め、かおり高い文化を創造するまち,多様な学びの環境整備,小学校特別支援教育就学奨励事業,179万円,179,197万円,197.0,-18.0,-9.137055837563452,教育こども課,01-10-02-02-14,「下諏訪町特別支援教育就学奨励費支給要綱」の規定に基づき、該当の児童の保護者に対し、特別支援教 育就学奨励費を支給する。,特別支援教育就学奨励費の支給,特別支援教育就学奨励費 179万円
28,進んで教養を深め、かおり高い文化を創造するまち,多様な学びの環境整備,中学校就学援助事業,747万円,747,725万円,725.0,22.0,3.0344827586206895,教育こども課,01-10-03-02-12,「下諏訪町要保護及び準要保護児童生徒援助費支給要綱」の規定に基づき、経済的理由によって就学が困 難な生徒に対し就学援助を行う。,就学援助費の支給,就学援助費 747万円
28,進んで教養を深め、かおり高い文化を創造するまち,多様な学びの環境整備,中学校特別支援教育就学奨励事業,123万円,123,190万円,190.0,-67.0,-35.26315789473684,教育こども課,01-10-03-02-14,「下諏訪町特別支援教育就学奨励費支給要綱」の規定に基づき、該当の生徒の保護者に対し、特別支援教 育就学奨励費を支給する。,特別支援教育就学奨励費の支給,特別支援教育就学奨励費 123万円
28,進んで教養を深め、かおり高い文化を創造するまち,多様な学びの環境整備,なんでも相談室事業,430万円,430,427万円,427.0,3.0,0.702576112412178,教育こども課,01-10-02-02-24,小学校に教員以外の第三者相談員を配置し、児童が悩みを気軽に話せ、ストレスを和らげることのできる環 境を整備する。,相談員の配置,会計年度任用職員報酬等 430万円
29,進んで教養を深め、かおり高い文化を創造するまち,多様な学びの環境整備,小学校特別支援教育充実事業,"1,579万円",1579,"1,894万円",1894.0,-315.0,-16.631467793030623,教育こども課,01-10-02-02-26,高機能自閉症・アスペルガー・学習障害等、学習集団に溶け込めない集団不適応、発達障害のための支援員 を小学校に配置し、教職員と連携しながら幅広く支援を実施する。なお、令和６年度は医療的ケアが必要な児 童のための、看護師の会計年度および委託にて対応している。 置,学校や児童の状況を鑑みた支援員の適切な配,"会計年度任用職員報酬等 1,549万円 / 消耗品費 11万円"
29,進んで教養を深め、かおり高い文化を創造するまち,多様な学びの環境整備,心の教室相談事業,481万円,481,478万円,478.0,3.0,0.6276150627615062,教育こども課,01-10-03-02-22,中学校に教員以外の第三者的な相談員を配置することで、生徒が悩みを気軽に話せ、ストレスを和らげること のできる環境を整備する。,相談員の配置,会計年度任用職員報酬等 480万円
29,進んで教養を深め、かおり高い文化を創造するまち,多様な学びの環境整備,中間教室管理運営事業,333万円,333,358万円,358.0,-25.0,-6.983240223463687,教育こども課,01-10-03-02-32,下諏訪町立図書館内に中間教室（スマイル教室）を開設し、学校へ登校することに負担を感じている生徒が、 ひと・もの・ことばなどの活動や関わりを通じて社会的自立や生活習慣を身に付けながら学習支援や教育相 談を受けられるよう体制を整備する。,中間教室（スマイル教室）の配備,会計年度任用職員報酬等 332万円 / 消耗品費 2万円
30,進んで教養を深め、かおり高い文化を創造するまち,多様な学びの環境整備,中学校特別支援教育充実事業,"1,218万円",1218,943万円,943.0,275.0,29.16224814422057,教育こども課,01-10-03-02-34,高機能自閉症・アスペルガー・学習障害等、学習集団に溶け込めない集団不適応、発達障害のための支援員 を中学校に配置し、教職員と連携しながら幅広く支援を実施する。 置,学校や生徒の状況も鑑みた支援員の適切な配,"地域クラブ活動体制整備委託料 1,469万円"
30,進んで教養を深め、かおり高い文化を創造するまち,多様な学びの環境整備,子どもの安全推進事業,17万円,17,17万円,17.0,0.0,0.0,教育こども課,01-10-01-02-10,通学中の子ども達の安全を確保するため、地域全体で登下校時の見守り を行う。,地域全体で見守る「ながら見守り」の推進,消耗品費 3万円 / ボランティア保険料 3万円 / 街頭防犯サービス使用料 11万円
30,進んで教養を深め、かおり高い文化を創造するまち,多様な学びの環境整備,地域クラブ活動体制整備事業,"1,492万円",1492,"1,421万円",1421.0,71.0,4.9964813511611545,教育こども課,01-10-01-02-20,国の進める部活動地域移行について、民間企業にコーディネートを委託し 推進を図る。 るよう取組の実施,平日、休日問わず地域の団体にて部活動ができ,"会計年度任用職員報酬等（支援員） 1,210万円 / 消耗品費 8万円"
31,進んで教養を深め、かおり高い文化を創造するまち,多様な学びの環境整備,学校運営委員会事業,100万円,100,189万円,189.0,-89.0,-47.08994708994709,教育こども課,01-10-03-02-26,保護者や地域住民の学校支援等を通じた学校運営への参画の促進及び連携強化を図ることにより、学校、 保護者、地域住民が一体となって学校運営の改善や児童生徒の健全な育成、学校評価に取り組むため、活 動に必要な資金の補助を行う。,学校運営委員会補助金の支給,手数料 40万円 / 浄化槽管理委託料 27万円 / 研修の家管理補助委託料 19万円
31,進んで教養を深め、かおり高い文化を創造するまち,多様な学びの環境整備,統計グラフコンクール事業,16万円,16,16万円,16.0,0.0,0.0,総務課,01-02-05-01-10,町統計グラフコンクールを開催することで、数値の集計・分析能力を養い、 下諏訪町の現状理解を深める。さらに、小中学生を中心とした住民の参加 により、まちづくりへの関心と理解が深まる。,統計教育・住民参加の推進,記念品代 10万円 / 消耗品費 5万円 / 印刷製本費 1万円
31,進んで教養を深め、かおり高い文化を創造するまち,多様な学びの環境整備,研修の家管理費,112万円,112,130万円,130.0,-18.0,-13.846153846153847,教育こども課,01-10-04-02-14,当町の自然に親しみながら、野外における生活体験を通じて青少年の健 全育成を図るため、下諏訪町いずみ湖公園研修の家とキャンプ場を開放 し、安全で利用しやすい施設の管理運営を行う。,研修の家およびキャンプ場の運営,学校運営委員会補助金 100万円
32,進んで教養を深め、かおり高い文化を創造するまち,多様な学びの環境整備,図書館管理費,859万円,859,839万円,839.0,20.0,2.3837902264600714,教育こども課,01-10-04-04-10,多様化する図書館の利用への地域や住民ニーズに的確に対応した様々 な事業や資料の紹介を行うとともに、本に親しむ機会を提供する場として 施設の管理運営を行う。,図書館の管理運用,光熱水費 456万円 / 清掃委託料 181万円 / 修繕料 52万円
32,進んで教養を深め、かおり高い文化を創造するまち,多様な学びの環境整備,通園バス管理費,735万円,735,600万円,600.0,135.0,22.5,教育こども課,01-03-02-04-12,さくら保育園、とがわ保育園に通う遠隔地の児童の送迎を行う。,安全かつ確実な送迎体制の構築,こどもの居場所づくり支援事業補助金 500万円
32,進んで教養を深め、かおり高い文化を創造するまち,多様な学びの環境整備,こどもの居場所づくり支援事業,500万円,500,279万円,279.0,221.0,79.21146953405018,教育こども課,01-03-02-05-26,困難を抱える子どもたちに対し、安全安心で気軽に立ち寄ることができる居場所の設置を推進する。,こどもの居場所づくり支援事業補助金の交付,通園バス運転業務委託料 205万円 / 通園バス購入費 498万円 / 燃料費 25万円
33,進んで教養を深め、かおり高い文化を創造するまち,多様な学びの環境整備,児童の居場所づくり推進事業,14万円,14,15万円,15.0,-1.0,-6.666666666666667,教育こども課,01-10-04-02-10,町民の参加と協力により、児童の健全育成のため、体験の機会や安全で 安心して集える児童の居場所づくりを進める。,「みんなの遊び場」の企画および運営,児童の居場所づくり推進事業補助金 14万円
33,進んで教養を深め、かおり高い文化を創造するまち,多様な学びの環境整備,学童クラブ運営事業,"3,741万円",3741,"2,884万円",2884.0,857.0,29.715672676837723,教育こども課,01-10-04-02-12,保護者が就労、疾病その他の理由により昼間家庭にいない児童に適切な 遊びと生活の場を提供し、健全な育成を図る。 長と社会性の育成支援,生活・遊びの場の確保による心身の健やかな成,"会計年度任用職員給 542万円 / 会計年度任用職員報酬等 2,547万円 / 消耗品費 55万円"
33,進んで教養を深め、かおり高い文化を創造するまち,多様な学びの環境整備,青少年健全育成事業,101万円,101,135万円,135.0,-34.0,-25.185185185185183,教育こども課,01-10-04-02-16,町民すべての参加協力により、青少年の健全育成及び非行防止のため、 育成活動を推進する。 と連携した育成活動の推進 た利用奨励補助金の交付,青少年健全育成協議会を中心とした各種団体 / 指定施設（海の家）を利用する家族を対象とし,青少年健全育成協議会補助金 65万円 / 指定施設利用奨励補助金 13万円 / 県子ども会育成連合会負担金 3万円
34,進んで教養を深め、かおり高い文化を創造するまち,多様な学びの環境整備,放課後子ども教室推進事業,179万円,179,183万円,183.0,-4.0,-2.185792349726776,教育こども課,01-10-04-02-18,南・北小学校の余裕教室等を活用して、子どもたちの安全・安心な居場所 を確保し、地域住民の参画のもと、様々な学び・遊び・体験の機会を提供 することにより、児童の健全育成を支援する。,放課後子ども教室の運営,事業協力者等謝礼 170万円 / 消耗品費 7万円
34,進んで教養を深め、かおり高い文化を創造するまち,多様な学びの環境整備,公民館活動事業,507万円,507,416万円,416.0,91.0,21.875,教育こども課,01-10-04-03-10,自発的・自主的・主体的な「学び」の活動による「コミュニティ」づくりを進 めることで、豊かな心を育み、個性の伸長と生きがいを感じて生活を送る ことができる「居場所」につなげる。,学びの機会の創出 / 学習活動への支援 / 公民館の利用の促進,分館活動補助金 278万円 / 講師等謝礼 160万円
34,進んで教養を深め、かおり高い文化を創造するまち,多様な学びの環境整備,生涯学習事業,197万円,197,204万円,204.0,-7.0,-3.431372549019608,教育こども課,01-10-04-01-12,他者の異なる視点を認識する中で、共に学び、共に地域を創り上げていく 「共学共創」のまちづくりを推進する。,学習活動への支援,印刷製本費 131万円 / 記念品代 29万円 / 二十歳を祝う会映像配信委託料 17万円
35,進んで教養を深め、かおり高い文化を創造するまち,広く豊かな感性の育成,一般経費(図書館費),"3,801万円",3801,"3,691万円",3691.0,110.0,2.9802221620157137,教育こども課,01-10-04-04-05,本、雑誌、CD、DVD等の貸し出しを行うほか、いつでも気軽に来館いただ ける親しみやすい図書館として、おすすめ本のコーナーや工作会、お話の 会など多様なイベントを開催し、本に関するレファレンスにも対応する。 存・提供,地域住民のニーズに対応した資料の収集・保 / 年間を通じて様々なイベントの開催,"図書購入費 690万円 / 情報ネットワークシステム機器等借上料 140万円 / 会計年度任用職員報酬等 2,637万円"
35,進んで教養を深め、かおり高い文化を創造するまち,広く豊かな感性の育成,資料収集整理事業,31万円,31,7万円,7.0,24.0,342.85714285714283,産業振興課,01-07-01-06-16,地域に残された貴重な歴史文化に関わる資料を広く収集し、整理保存することで次世代へ引き継いでいくと ともに、調査研究を進め、その成果とともに展示や事業等で活用し史料価値を高める。,地域の歴史文化等に関する資料の収集 / 収蔵品の整理と適切な保存管理,資料くん蒸業務委託料 24万円 / 消耗品費 7万円
35,進んで教養を深め、かおり高い文化を創造するまち,広く豊かな感性の育成,文化財保護事業,877万円,877,874万円,874.0,3.0,0.34324942791762014,産業振興課,01-07-01-07-10,八島ヶ原高層湿原をはじめとした、町内に残る各種文化財を適切に保存 管理し次世代へ継承するとともに、まちづくり等への積極的な活用を図り、 町民が文化財に親しみ理解を深める機会を充実させる。 動の継続 の活用の模索,八島ヶ原高層湿原等の地域の文化財の保護活 / 指定文化財等の保存と未指定文化財の把握 / 文化財保存活用地域計画の策定と地域振興へ,歴史的建築物保存調査業務委託料 49万円 / 八島ヶ原湿原自然保護指導委託料 176万円 / 埋蔵文化財活用事業補助金 615万円
36,進んで教養を深め、かおり高い文化を創造するまち,広く豊かな感性の育成,地域資料保存事業,15万円,15,15万円,15.0,0.0,0.0,教育こども課,01-10-04-04-12,未来の下諏訪町民に町の歴史的資料を残すため、町の過去及び現在の姿がわかる写真や映像をデジタル 化し、文字情報とともに保存する。その保存された情報を、町民がアクセスしやすい形で提供していく。 ジタルアルバム」の普及,郷土資料の収集と保存 / 図書館運営サイト「みんなでつくる 下諏訪町デ,地域資料インターネット公開システム使用料 12万円 / 講師等謝礼 1万円 / 消耗品費 1万円
36,進んで教養を深め、かおり高い文化を創造するまち,広く豊かな感性の育成,博物館管理費,"3,491万円",3491,"1,057万円",1057.0,2434.0,230.2743614001892,産業振興課,01-07-01-06-10,諏訪湖博物館・赤彦記念館を適切に維持管理し計画的な修繕を実施す るとともに、資料展示の充実を図り、町の歴史文化・自然科学等の学びの 拠点として、多くの方に来館していただける環境を整える。 見直し,施設の適切な管理運営 / 施設の計画的な点検、修繕による長寿命化 / 入館者への展示解説および定期的な常設展の,"光熱水費 224万円 / 屋根等防水工事費 2,564万円"
36,進んで教養を深め、かおり高い文化を創造するまち,広く豊かな感性の育成,自主事業,"1,043万円",1043,194万円,194.0,849.0,437.6288659793815,教育こども課,01-10-04-06-12,劇場における舞台芸術に気軽に触れることができる場とすることで、感性 と創造性を育むとともに、誰もが芸術表現の披露と技能向上を図る場とす ることで、生活の中に文化芸術が溶け込むまちを目指す。,質の高い公演等の実施 / 総合文化センターの利用の促進,自主事業委託料 955万円 / 舞台映像使用料 9万円 / 印刷製本費 36万円
37,進んで教養を深め、かおり高い文化を創造するまち,広く豊かな感性の育成,総合文化センター管理費,"5,895万円",5895,"9億3,267万円",93267.0,-87372.0,-93.67943645662453,教育こども課,01-10-04-06-10,文化芸術が有する意義と価値を感受できる施設を目指す。 時代に即した使い勝手の良い環境を追求し続けるとともに、欠かさぬ手入 れにより、災害時にも頼られる文化芸術拠点を目指す。,総合文化センターの整備,"修繕代 70万円 / 光熱水費 1,379万円 / 文化センター業務委託料 2,038万円"
37,進んで教養を深め、かおり高い文化を創造するまち,広く豊かな感性の育成,体験教室等事業,8万円,8,9万円,9.0,-1.0,-11.11111111111111,産業振興課,01-07-01-06-12,博物館に関連した歴史文化・自然科学等の講座・体験教室を企画開催するとともに、例年行事である「今井 邦子文学祭」や「赤彦忌」を実施し、地域の皆さんに郷土への理解を深めてもらう機会とする。 開催,講座、体験教室等の企画開催 / 「今井邦子文学祭」、「赤彦忌」等の例年行事の,事業協力者等謝礼 4万円 / 消耗品費 2万円 / 通信運搬費 2万円
37,進んで教養を深め、かおり高い文化を創造するまち,広く豊かな感性の育成,企画、特別展事業,222万円,222,50万円,50.0,172.0,344.0,産業振興課,01-07-01-06-14,博物館で収蔵する資料の中には、常設展示で紹介できないものも多数あ るため、これらの調査研究の結果と合わせ企画展示とするとともに、周年 企画など折に触れた特別展を開催する。 画、開催,企画展の年次計画に基づく資料収集、調査研究 / 地域住民に興味を持ってもらえる特別展の企,講師・事業協力者等謝礼 21万円 / 印刷製本費 95万円 / 展示パネル製作委託料 31万円
38,進んで教養を深め、かおり高い文化を創造するまち,広く豊かな感性の育成,宿場街道資料館管理費,211万円,211,209万円,209.0,2.0,0.9569377990430622,産業振興課,01-07-01-06-18,明治初頭に建築された歴史的建造物を適切に維持管理するとともに、宿 場や街道の歴史文化を学ぶ施設として、多くの方に利用してもらえる運営 に努める。,施設の適切な維持管理 / 施設の適正な運営、活用の検討,光熱水費 24万円 / 宿場街道資料館管理補助委託料 135万円
38,進んで教養を深め、かおり高い文化を創造するまち,広く豊かな感性の育成,今井邦子文学館管理費,183万円,183,190万円,190.0,-7.0,-3.684210526315789,産業振興課,01-07-01-06-20,江戸時代の面影を残す歴史的建造物を適切に維持管理するとともに、短 歌結社「明日香社」を創始した今井邦子の業績を伝える短歌・文学の学 習施設として、多くの方に利用してもらえる運営に努める。,施設の適切な維持管理 / 施設の適正な運営、活用の検討,光熱水費 11万円 / 今井邦子文学館管理補助委託料 119万円
38,進んで教養を深め、かおり高い文化を創造するまち,広く豊かな感性の育成,伏見屋邸管理費,399万円,399,372万円,372.0,27.0,7.258064516129033,産業振興課,01-07-01-06-22,国登録有形文化財の歴史的建造物を適切に維持管理し、良好な状態で 次世代に継承するとともに、文化財の活用とおもてなしによる交流施設と して、多くの方に親しまれるよう運営する。,施設の適切な維持管理 / 施設の適正な運営、活用の検討,光熱水費 14万円 / 伏見屋邸管理補助委託料 318万円
39,進んで教養を深め、かおり高い文化を創造するまち,広く豊かな感性の育成,七曜星社蔵管理費,2万円,2,2万円,2.0,0.0,0.0,産業振興課,01-07-01-06-24,明治期の製糸業興隆の面影を残す歴史的建造物を維持管理し、良好な 状態で次世代へ継承するとともに、まち歩きの休憩施設等として親しまれ るよう活用を図る。,施設の適切な維持管理 / 施設の適正な運営、活用の検討,光熱水費 1万円 / 火災保険料 1万円
39,進んで教養を深め、かおり高い文化を創造するまち,広く豊かな感性の育成,埋蔵文化財発掘調査事業,1万円,1,1万円,1.0,0.0,0.0,産業振興課,01-07-01-07-12,宅地造成等の工事により失われる可能性のある埋蔵文化財の保全を図るため、届出により開発行為を早期 に把握し、工事の変更等により保存が困難な場合は、発掘調査の実施により記録保存する。 発,埋蔵文化財保護の周知と開発の届出徹底の啓 / 発掘調査等の柔軟で迅速な対応,消耗品費 1万円
39,進んで教養を深め、かおり高い文化を創造するまち,広く豊かな感性の育成,星ヶ塔遺跡管理事業,21万円,21,23万円,23.0,-2.0,-8.695652173913043,産業振興課,01-07-01-07-14,国史跡「星ヶ塔黒曜石原産地遺跡」を適切に保全し、良好な状態で次世 代に継承していくとともに、町観光振興局が企画する観光ツアーの参加者 等が安全に見学できるよう日常的な整備を行う。,遺跡の適正管理と保存 / 保存活用計画の策定,維持管理作業補助委託料 13万円 / 敷地借上料 6万円
40,進んで教養を深め、かおり高い文化を創造するまち,広く豊かな感性の育成,柿蔭山房管理費,68万円,68,52万円,52.0,16.0,30.76923076923077,産業振興課,01-07-01-07-16,町指定文化財である島木赤彦住居（柿䕃山房）を適切に維持管理し、良 好な状態で次世代に継承するとともに、歌人島木赤彦の業績を伝える学 びの施設として公開活用を図る。,施設の適切な維持管理 / 施設の適正な運営、活用の検討,修繕料 25万円 / 柿蔭山房周辺整備補助委託料 11万円 / 茅葺屋根くん蒸業務委託料 7万円
40,進んで教養を深め、かおり高い文化を創造するまち,広く豊かな感性の育成,星ヶ塔ミュージアム指定管理費,354万円,354,353万円,353.0,1.0,0.28328611898017,産業振興課,01-07-01-07-22,国史跡「星ヶ塔黒曜石原産地遺跡」のガイダンス施設として、指定管理者 と連携し適切な維持管理を図り、来館者が埋蔵文化財や黒曜石を通じて 下諏訪の歴史について学ぶことができる施設として運営する。 実施,施設の適切な維持管理 / 入館者への展示解説および定期的な企画展の,光熱水費 160万円 / エレベーター保守委託料 92万円
40,進んで教養を深め、かおり高い文化を創造するまち,広く豊かな感性の育成,姉妹都市交流事業,45万円,45,49万円,49.0,-4.0,-8.16326530612245,総合政策課,01-02-01-06-40,町制施行100周年を機に友好都市交流を開始し、町制施行125周年を機に姉妹 都市提携を締結した愛知県南知多町について、相手方を訪問もしくは相手方を迎 え、姉妹都市交流事業を実施することで、自治体間の親交を深める。,姉妹都市との交流内容の充実,普通旅費 15万円 / 体験等利用料 11万円 / 食糧費 11万円
41,進んで教養を深め、かおり高い文化を創造するまち,広く豊かな感性の育成,国際交流事業,99万円,99,－,,,,教育こども課,01-10-01-02-18,国際交流を通じて相互理解と友好関係を深め、青少年の国際感覚の醸 成を図るとともに、スポーツや文化・芸術・観光・産業分野の連携を促進 し、地域の魅力向上と持続的な地域発展につなげていく。 流事業の実現,イタリア関係団体及び自治体との連携による交 / 国際交流公演会の開催,交流事業支援業務委託料 88万円 / 国際交流協会補助金 4万円
42,心身をきたえ、たくましく明るい健康なまち,健康づくりの推進,高齢者の保健・介護一体的実施事業,239万円,239,248万円,248.0,-9.0,-3.6290322580645165,住民環境課,01-04-01-01-14,国の制度改正により、74歳までの国民健康保険と75歳以上の後期高齢者医療制度の保健事業の適切な継 続及び介護予防の取組みを一体的に実施し、健康寿命の延伸と社会保障費の適正化を図る。 個別支援、フレイル予防の健康教育の推進,健康課題の分析、事業の企画調整、重症化予防,保健指導用ソフトウエア使用料 45万円 / 後期高齢者人間ドック等補助金 171万円
42,心身をきたえ、たくましく明るい健康なまち,健康づくりの推進,健康づくり推進事業,198万円,198,278万円,278.0,-80.0,-28.776978417266186,保健福祉課,01-04-01-05-10,健康寿命の延伸と健康格差の縮小を目指し、運動習慣の定着や健康知 識の普及に取り組みます。関係機関と連携し、地域一体となった健康づく りを推進する。,健康づくり応援ポイント事業 / 健康づくりに関する団体等の育成支援 / 健康教室の講師派遣委託,特典品代 150万円 / 印刷製本費 25万円 / 消耗品費 16万円
43,心身をきたえ、たくましく明るい健康なまち,健康づくりの推進,生涯スポーツ振興事業,209万円,209,330万円,330.0,-121.0,-36.666666666666664,教育こども課,01-10-05-01-10,「生涯一町民一スポーツ」を基本理念に掲げる下諏訪町スポーツ推進計 画に沿い、町民の体力向上を図り、スポーツの実践による生きがいに満ち た豊かな暮らしと、地域に根ざした生涯スポーツ社会の実現を目指す。 の開催,関係団体との連携によるスポーツの普及拡大 / 民間事業者との連携協定によるスポーツ教室等,講師等謝礼 15万円 / スポーツ振興事業開催委託料 185万円
43,心身をきたえ、たくましく明るい健康なまち,健康づくりの推進,体育館管理費,964万円,964,"1,167万円",1167.0,-203.0,-17.39502999143102,教育こども課,01-10-05-02-10,「健康スポーツ都市」の趣旨に沿い、町民が体育館を活用して気軽にス ポーツに親しむことができるよう管理する。 な施設の適切な維持管理,利用者が安全かつ快適に施設を利用できるよう,光熱水費 378万円 / 修繕料 59万円 / 清掃委託料 149万円
43,心身をきたえ、たくましく明るい健康なまち,健康づくりの推進,スポーツ施設管理費,"1,988万円",1988,"1,819万円",1819.0,169.0,9.290819131390874,教育こども課,01-10-05-03-10,「健康スポーツ都市」の趣旨に沿い、町民がスポーツ施設を活用して気軽 にスポーツに親しむことができるよう管理する。 な施設の適切な維持管理 る新たな拠点整備,利用者が安全かつ快適に施設を利用できるよう / 老朽施設の除却と健康スポーツゾーンを補完す,光熱水費 329万円 / 修繕料 287万円 / 総合運動場等管理補助委託料 466万円
44,心身をきたえ、たくましく明るい健康なまち,健康づくりの推進,一般経費(国民スポーツ大会費),534万円,534,－,,,,教育こども課,01-10-05-04-05,第８２回国民スポーツ大会（信州やまなみ国スポ）ローイング競技及びトラ イアスロン競技開催に向けた準備を進め大会を成功させる。 上げ及び開催準備 委員会への参画及び開催準備,ローイング競技開催に向けた実行委員会の立ち / 諏訪湖周で開催されるトライアスロン競技実行,ローイング実行委員会負担金 438万円 / トライアスロン実行委員会負担金 77万円
44,心身をきたえ、たくましく明るい健康なまち,健康づくりの推進,高浜健康温泉センター管理費,"3,137万円",3137,"3,150万円",3150.0,-13.0,-0.41269841269841273,教育こども課,01-10-05-05-10,健康温泉センターを温泉で心身を癒す仲間づくりの場、健康づくりの場と して、気軽に立ち寄れる施設として管理する。 理,安全で快適に施設を利用できるための維持管 / 歩行浴プールを活用した健康づくりの推進,"光熱水費 1,122万円 / 修繕料 77万円 / 清掃委託料 560万円"
44,心身をきたえ、たくましく明るい健康なまち,健康づくりの推進,健康運動施設管理費,822万円,822,784万円,784.0,38.0,4.846938775510204,教育こども課,01-10-05-05-12,「健康スポーツ都市」の趣旨に沿い、町民が健康運動施設を活用し健康 づくりに取り組めるよう管理する。 の適切な維持管理,利用者が安全かつ快適に利用できるような施設,光熱水費 236万円 / 修繕料 24万円 / 清掃委託料 179万円
45,心身をきたえ、たくましく明るい健康なまち,健康づくりの推進,健康運動支援事業,213万円,213,263万円,263.0,-50.0,-19.011406844106464,教育こども課,01-10-05-05-14,町民が運動・スポーツを通じて心身の健康増進を図るため、多様なライフ ステージに合わせた運動講座を開催し、健康寿命の延伸を目指す。,多様な運動講座の開催 / 健康ステーションでの運動支援の推進,講師等謝礼 87万円 / 健康運動教室開催委託料 118万円 / 消耗品費 8万円
45,心身をきたえ、たくましく明るい健康なまち,健康づくりの推進,国民健康保険特別会計,"17億6,777万円",176777,"17億6,968万円",176968.0,-191.0,-0.10792911712852041,住民環境課,国民健康保険特別会計,県と共に持続可能な国民保険制度の構築を目指し、保険料水準の統一を見据え、納付金を支払うために適 正な保険税率の設定を行う。また、納付金額が上昇しないよう、医療費適正化を推進し、医療費の抑制を図 る。 収、保健事業,保険資格の得喪、保険給付、保険税の賦課・徴,"保険給付費 13億1,766万円 / 国民健康保険事業費納付金 4億1,151万円 / 特定健康診査等事業費 1,817万円 / 保健衛生普及費 185万円 / 疾病予防費 328万円"
45,心身をきたえ、たくましく明るい健康なまち,健康づくりの推進,後期高齢者医療特別会計,"4億8,892万円",48892,"4億5,418万円",45418.0,3474.0,7.648949755603505,住民環境課,後期高齢者医療特別会計,「高齢者の医療の確保に関する法律」により、後期高齢者に対する適切な医療給付等を行うため後期高齢者 医療制度を設け、高齢者の健康、福祉の向上を図る。 齢者医療広域連合への納付,被保険者から徴収した保険料の長野県後期高,"保険料 3億9,674万円 / 保険基盤安定負担金 8,520万円"
46,心身をきたえ、たくましく明るい健康なまち,健康づくりの推進,国民健康保険特別会計繰出金,"1億2,874万円",12874,"1億3,606万円",13606.0,-732.0,-5.379979420843745,住民環境課,01-03-01-01-20,国保の低所得者の保険税軽減分や一般会計負担分を国保会計へ繰り出し、国保会計の安定化を図り、国保 被保険者が適切な医療を受けられるようにする。,一般会計から国民健康保険特別会計への繰出,"国民健康保険特別会計繰出金 1億2,874万円"
46,心身をきたえ、たくましく明るい健康なまち,健康づくりの推進,後期高齢者医療広域行政事業,"3億5,377万円",35377,"3億5,080万円",35080.0,297.0,0.8466362599771949,住民環境課,01-03-01-03-22,長野県内の全市町村で構成する長野県後期高齢者医療広域連合が保険者として運営し、高齢者が適切な 医療を受けられるようにする。市町村は、保険料の徴収や各種相談及び申請や届出の受付事務を行う。 と事務費負担金の納付,長野県後期高齢者医療広域連合へ療養給付費,"療養給付費負担金 3億4,236万円 / 事務費負担金 1,141万円"
46,心身をきたえ、たくましく明るい健康なまち,健康づくりの推進,後期高齢者医療特別会計繰出金,1億50万円,10050,"9,220万円",9220.0,830.0,9.002169197396963,住民環境課,01-03-01-03-24,低所得者の保険料軽減分や一般会計負担分を後期高齢者医療特別会計へ繰り出し、後期高齢者医療特別 会計の安定化を図り、高齢者が適切な医療が受けられるようにする。 出,一般会計から後期高齢者医療特別会計への繰,後期高齢者医療特別会計繰出金 1億50万円
47,心身をきたえ、たくましく明るい健康なまち,健康づくりの推進,医療給付事業,"1億5,332万円",15332,"1億5,493万円",15493.0,-161.0,-1.0391789840573162,住民環境課,01-03-03-01-10,医療費の経済的負担軽減を図ることで、安心して子育て・生活ができる環境づくりを目指す。 へ医療費の一部を町が負担,未就学児～高校生、ひとり親家庭、障がい者等,"乳幼児等医療費給付金 5,591万円 / 母子家庭、父子家庭等医療費給付金 899万円 / 障害者医療費給付金 8,841万円"
47,心身をきたえ、たくましく明るい健康なまち,健康づくりの推進,医療費資金貸付事業,50万円,50,50万円,50.0,0.0,0.0,住民環境課,01-03-03-01-12,医療費の支払いが困難な者に対して、生活の安定と自立を促すため、医療費の支払いに充てる資金を貸し付 ける。,貸付対象者へ給付対象額に相当する額の貸付,医療費資金貸付金 50万円
47,心身をきたえ、たくましく明るい健康なまち,健康づくりの推進,一般経費(保健衛生総務費),776万円,776,510万円,510.0,266.0,52.156862745098046,保健福祉課,01-04-01-01-05,円滑な保健事業の推進と地域医療を守るため、各種協議会への負担金支出や、保健活動を行う団体への補 助を行う。 金の支出,諏訪広域連合病院群輪番制病院運営事業負担 / 歯科休日診療負担金の支出 / 救急告示病院運営事業補助金の交付,会計年度任用職員報酬等 218万円 / 諏訪広域連合輪番制病院運営事業負担金 54万円 / 歯科休日診療負担金 24万円 / 諏訪地域献血推進協議会負担金 2万円 / 救急告示病院運営事業補助金 200万円
48,心身をきたえ、たくましく明るい健康なまち,健康づくりの推進,保健センター管理費,957万円,957,576万円,576.0,381.0,66.14583333333334,保健福祉課,01-04-01-01-10,町民の皆様の健康づくりの拠点として、また災害時の福祉避難所として、 いつでも安全・快適に利用できるよう施設の維持管理を行う。 対応,施設の清掃、警備、および光熱水費の支出 / 電気・空調・消防設備等の定期的な保守点検 / 定期点検等の実施により指摘された事項への,光熱水費 183万円 / 清掃委託料 149万円 / 修繕料 446万円
48,心身をきたえ、たくましく明るい健康なまち,健康づくりの推進,在宅当番医制事業,95万円,95,95万円,95.0,0.0,0.0,保健福祉課,01-04-01-01-12,休日の急な病気やケガでも安心して受診できるよう、地域の医療機関と連携して診療体制を確保する。,日曜、休日、祝日における医療体制の確保,在宅当番医制事業委託料 95万円
48,心身をきたえ、たくましく明るい健康なまち,健康づくりの推進,母子保健事業,"1,853万円",1853,"2,046万円",2046.0,-193.0,-9.433040078201369,保健福祉課,01-04-01-02-10,妊産婦・乳幼児健康診査や産後ケア事業等を通じ、妊娠期から子育て期 にわたる切れ目のない支援を行うことで、安心して子どもを産み育てられ る環境を整える。,乳幼児健康診査の実施 / 妊産婦健康診査の実施 / 産後ケア事業の実施,会計年度任用職員報酬等 89万円 / 妊婦、乳児健康診査委託料 961万円 / 産後ケア事業委託料 101万円
49,心身をきたえ、たくましく明るい健康なまち,健康づくりの推進,妊婦のための支援事業,"1,193万円",1193,"1,577万円",1577.0,-384.0,-24.35003170577045,保健福祉課,01-04-01-02-12,妊娠期からの継続的な相談支援と、給付金の支給を行うことで、経済的な負担を和らげるとともに、出産・子 育ての不安の解消を図る。 への面談の実施,妊娠届出時の面談およびアンケートの実施 / 妊娠8か月頃のアンケートの実施および希望者 / 妊婦のための支援給付金の支給,会計年度任用職員報酬等 231万円 / 妊婦支援給付金 800万円
49,心身をきたえ、たくましく明るい健康なまち,健康づくりの推進,生活習慣病検診事業,"2,933万円",2933,"2,871万円",2871.0,62.0,2.1595262974573317,保健福祉課,01-04-01-03-10,健康増進法等に基づく各種検診や健康相談を実施し、生活習慣病の予防と早期発見・早期治療につなげる ことで、町民の健康保持増進を図る。 子宮がん）検診の実施,各種がん（胃がん、大腸がん、肺がん、乳がん、 / 歯周疾患検診の実施 / 後期高齢者健診、骨密度健診等の実施,子宮がん検診委託料 563万円 / 肺がん検診委託料 378万円 / 後期高齢者健康診査委託料 701万円
49,心身をきたえ、たくましく明るい健康なまち,健康づくりの推進,心のケア相談事業,24万円,24,24万円,24.0,0.0,0.0,保健福祉課,01-04-01-03-12,心の悩みや不安を抱える方が、安心して地域で暮らせるよう、相談体制の充実と自殺対策の推進を図る。必 要に応じて専門機関や医療へつなぐ支援も行う。,精神保健福祉士による心の健康相談の実施 / 自殺予防に関する普及啓発活動 / ゲートキーパー養成講座の開催,講師等謝礼 20万円 / 消耗品費 3万円
50,心身をきたえ、たくましく明るい健康なまち,福祉の推進,疾病予防事業,"7,401万円",7401,"9,776万円",9776.0,-2375.0,-24.29418985270049,保健福祉課,01-04-01-04-10,予防接種法等に基づく定期予防接種や結核健診を実施し、感染症の発症・重症化の予防と、地域内でのま ん延防止を図る。,小児予防接種の実施 / 高齢者予防接種の実施 / 結核健診の実施,"医薬材料費 1,890万円 / 小児等予防接種委託料 692万円 / インフルエンザ予防接種委託料 1,488万円 / 新型コロナウイルスワクチン予防接種委託料 1,481万円 / 結核健康診査委託料 72万円"
50,心身をきたえ、たくましく明るい健康なまち,福祉の推進,子育て支援品支給事業,37万円,37,49万円,49.0,-12.0,-24.489795918367346,教育こども課,01-03-02-05-12,誕生児への祝福と健やかな成長を願うとともに、保護者と民生委員の関係を作り、要保護児童等の早期発見 や地域のつながりのきっかけづくりを目指す。,子育て支援品および燃えるごみ袋支給,消耗品費 4万円 / 有料ごみ袋給付費 25万円 / 新生児子育て支援品給付費 8万円
50,心身をきたえ、たくましく明るい健康なまち,福祉の推進,おはなしの広場運営事業,265万円,265,265万円,265.0,0.0,0.0,教育こども課,01-03-02-01-10,ことばに心配のある就学前のお子さんとその親を対象に、言語指導員等が指導と訓練を実施する。,定期的なおはなしの広場の実施,会計年度任用職員報酬等 261万円
51,心身をきたえ、たくましく明るい健康なまち,福祉の推進,発達支援通園訓練事業,798万円,798,724万円,724.0,74.0,10.220994475138122,教育こども課,01-03-02-01-12,心身の発達がゆっくりなお子さんや育てにくいと感じたお子さんとその親が「せせらぎ園」に通園し、機能回復 訓練や生活指導を受ける。,せせらぎ園の運営,会計年度任用職員報酬等 757万円 / 心理・作業療法士委託料 18万円
51,心身をきたえ、たくましく明るい健康なまち,福祉の推進,子育て支援事業,531万円,531,528万円,528.0,3.0,0.5681818181818182,教育こども課,01-03-02-05-10,児童や保護者に対して、様々な相談に対応し、安心して子育てしやすい環境づくりを目指す,子育て家庭の状況把握と相談支援 / 子育て支援の体制確保,会計年度任用職員報酬等 462万円 / 子育て家庭支援事業補助金 25万円 / 短期入所事業委託料 13万円
51,心身をきたえ、たくましく明るい健康なまち,福祉の推進,児童手当給付事業,"3億1,583万円",31583,"3億2,536万円",32536.0,-953.0,-2.929063191541677,教育こども課,01-03-02-02-10,子育て家庭等における生活の安定に寄与するとともに、次代の社会を担う児童の健やかな成長のため支給す る。,児童手当の適正な支給,"消耗品費 1万円 / 通信運搬費 16万円 / 情報センタ委託料 17万円 / 児童手当給付金 3億1,550万円"
52,心身をきたえ、たくましく明るい健康なまち,福祉の推進,子育て・多世代交流施設整備事業,"1億4,669万円",14669,－,,,,教育こども課,01-03-02-05-32,妊娠期から子育て期、さらには小中高生や高齢者まで、地域のすべての世 代が気軽に集い、つながり合える「地域の居場所」を整備する。,子育て・多世代交流施設の整備 / 子育て・多世代交流施設の管理,"交流施設整備委託料 1億3,844万円 / 工事監理委託料 143万円 / 施設用備品購入費 682万円"
52,心身をきたえ、たくましく明るい健康なまち,福祉の推進,子育て・多世代交流施設管理運営事業,"1,668万円",1668,－,,,,教育こども課,01-03-02-05-34,乳幼児から小中高生、高齢者など多世代が自然に交わり交流できる場、子育て支援の拠点となる施設の管 理運営を行う。 営,利用者が安全・快適に利用できるような管理運 / 各種講座、イベントの開催,会計年度任用職員報酬等 703万円 / 消耗品、光熱水費等 60万円 / 相談員派遣等委託料 48万円 / 建物借上料 780万円
52,心身をきたえ、たくましく明るい健康なまち,福祉の推進,子育てふれあいセンター管理費,130万円,130,243万円,243.0,-113.0,-46.50205761316872,教育こども課,01-03-02-06-10,子育て支援の拠点となる施設を安全・快適に利用できるよう管理を行う。,子育てふれあいセンターの施設管理,光熱水費 32万円 / 傷害保険料 17万円 / 火災保険料 13万円 / 警備委託料 11万円
53,心身をきたえ、たくましく明るい健康なまち,福祉の推進,子育てふれあいセンター運営事業,641万円,641,"1,175万円",1175.0,-534.0,-45.4468085106383,教育こども課,01-03-02-06-12,子育て世代の親子や高齢者などが気軽に立ち寄り、交流や相談、子育て について学ぶ機会の提供により、育児の悩みや負担感の軽減を図る。,施設管理運営、子育て支援人材の確保 / 保護者向けの各種講座の開催,会計年度任用職員報酬等 603万円 / 講師等謝金 16万円
53,心身をきたえ、たくましく明るい健康なまち,福祉の推進,ファミリーサポート事業,21万円,21,20万円,20.0,1.0,5.0,教育こども課,01-03-02-06-14,子育ての援助を受けたい方（依頼会員）と子育ての支援をしてくれる方（援助会員）が会員となり、相互に助 け合う仕組みをつくる。,ファミリーサポート事業の実施,消耗品費 2万円 / 総合賠償補償保険料 19万円
53,心身をきたえ、たくましく明るい健康なまち,福祉の推進,ブックスタート事業,24万円,24,27万円,27.0,-3.0,-11.11111111111111,教育こども課,01-03-02-06-16,絵本を通じた親子の触れ合いを促す。 呈,乳幼児へのファーストブック、セカンドブックの贈,消耗品費 24万円
54,心身をきたえ、たくましく明るい健康なまち,福祉の推進,保育所管理運営事業,"3億5,541万円",35541,"3億2,818万円",32818.0,2723.0,8.297275885184959,教育こども課,01-03-02-04-10,両親が労働に従事していたり、ほかに保育のできる人がいない等の理由により、保育が必要な場合に、家庭 の保護者に代わって保育を行う。また「こども誰でも通園制度」の開始に伴い、よりよい保育環境の整備に努 める。,安心安全な保育園の運営,"会計年度任用職員報酬等 1億3,443万円 / 施設型給付費等負担金 7,465万円 / 給食調理業務委託料 4,660万円 / 給食用賄材料費 3,200万円 / とがわ保育園照明設備改修工事費 2,042万円"
54,心身をきたえ、たくましく明るい健康なまち,福祉の推進,ひとり親世帯等児童激励金給付事業,204万円,204,203万円,203.0,1.0,0.49261083743842365,教育こども課,01-03-02-03-10,ひとり親世帯等で児童を養育している者に対し、児童が健全に育成されるように激励金を支給する。,ひとり親世帯等の経済的不安の軽減,ひとり親世帯等児童激励給付金 204万円
54,心身をきたえ、たくましく明るい健康なまち,福祉の推進,一般経費(社会福祉総務費),96万円,96,98万円,98.0,-2.0,-2.0408163265306123,保健福祉課,01-03-01-01-05,第３区を対象とする個別避難計画に係る説明会及び希望調査を実施し、 対象地区以外の希望者への計画策定を実施する。,自主防災会、防災部局等と連携した事業の推進,事業協力者等謝礼 16万円 / 災害時要援護者台帳システム使用料 34万円
55,心身をきたえ、たくましく明るい健康なまち,福祉の推進,社会福祉協議会関係経費,"2,000万円",2000,"2,000万円",2000.0,0.0,0.0,保健福祉課,01-03-01-01-10,地域が抱えている様々な福祉問題を地域全体の問題として捉え、地域福祉の増進を図る。,地域福祉の充実,"社会福祉協議会補助金 2,000万円"
55,心身をきたえ、たくましく明るい健康なまち,福祉の推進,民生児童福祉委員経費,785万円,785,836万円,836.0,-51.0,-6.100478468899522,保健福祉課,01-03-01-01-12,民生児童福祉委員を確保し、福祉に係る見聞を広め行政と住民のつなぎ 役としての役目を果たす。 りながら効率的・効果的な活動の推進,協議会内部の研修機会の充実と負担軽減を図,福祉委員協議会委員報酬 395万円 / 福祉委員協議会活動・部会補助金 43万円 / 民生児童委員活動交付金 344万円
55,心身をきたえ、たくましく明るい健康なまち,福祉の推進,地域福祉推進事業,"1,353万円",1353,"2,280万円",2280.0,-927.0,-40.6578947368421,保健福祉課,01-03-01-01-18,生活困窮、引きこもり等の生活課題が重篤化しないための早期発見・早 期支援を目指す。 備事業）,包括的な支援体制の構築（重層的支援体制整,補聴器購入補助金 75万円 / 多機関協働事業等委託料 287万円 / 有料ごみ袋給付費 13万円
56,心身をきたえ、たくましく明るい健康なまち,福祉の推進,包括的支援事業,"3,117万円",3117,"3,119万円",3119.0,-2.0,-0.06412311638345623,保健福祉課,01-03-01-04-14,様々な支援が必要とされる高齢者の増加を見据え、住み慣れた地域で自分らしい生活を続けるために、地域 包括ケアシステムの深化を図る。,地域包括ケアの推進,"生活支援体制整備事業委託料 800万円 / 認知症初期集中支援事業委託料 1,235万円 / 認知症地域支援･ケア向上事業委託料 920万円 / 地域ケア会議運営委託料 115万円"
56,心身をきたえ、たくましく明るい健康なまち,福祉の推進,特別養護老人ホーム施設管理費,"1億3,597万円",13597,"1億2,208万円",12208.0,1389.0,11.37778505897772,保健福祉課,特別養護老人ホーム事業特別会計,利用者がその人らしい人生を全うできるように支援するとともに、自立的な生活をより長く営めるような介護 サービスを提供するため、施設・設備・備品等の整備を計画的に行う。 の超過した設備等の把握,施設・設備等の定期点検の実施及び耐用年数 / 特別養護老人ホームの適切な運営管理,"施設管理費 2,301万円 / 施設事業費 1,898万円 / 会計年度任用職員報酬等 5,005万円 / 施設運営業務委託料（厨房業務等） 3,911万円"
56,心身をきたえ、たくましく明るい健康なまち,福祉の推進,福祉タクシー等助成事業,"2,428万円",2428,"2,428万円",2428.0,0.0,0.0,保健福祉課,01-03-01-01-16,在宅の高齢者及び障がい者、運転免許証返納者等の方の生活活動の範囲を広 げる（外出支援）ため、タクシー等の交通機関のほか公衆浴場を利用する場合に、 その料金の一部を助成することで、経済負担の軽減と福祉の増進を図る。,タクシー等を利用する場合の料金の一部を助成,"福祉タクシー等助成金 2,377万円"
57,心身をきたえ、たくましく明るい健康なまち,福祉の推進,高齢者福祉計画策定事業,42万円,42,31万円,31.0,11.0,35.483870967741936,保健福祉課,01-03-01-03-10,諏訪広域連合で策定される「介護保険事業計画」と整合性を図り、誰もが住み慣れた場所で安心していきい きとした生活が送れるよう、各種高齢者福祉施策の方向性を示すため「下諏訪町高齢者福祉計画」を策定す る。,高齢者福祉計画の策定,事業協力者等謝礼 9万円 / 印刷製本費 31万円
57,心身をきたえ、たくましく明るい健康なまち,福祉の推進,在宅高齢者支援事業,"2,364万円",2364,"2,596万円",2596.0,-232.0,-8.936825885978427,保健福祉課,01-03-01-03-12,支援を必要とする高齢者が在宅において安心して日常生活ができるよう サービスを提供する。,高齢者の在宅支援に関する各種事業の実施,在宅介護支援センター運営事業委託料 531万円 / 岡谷下諏訪広域シルバー人材センター負担金 607万円 / 敬老の日各区行事補助金 525万円
57,心身をきたえ、たくましく明るい健康なまち,福祉の推進,高齢者応援事業,13万円,13,14万円,14.0,-1.0,-7.142857142857142,保健福祉課,01-03-01-03-14,７０歳以上の高齢者に「ふれあいカード笑顔くん」を配布し、協賛店舗での 独自サービスを提供いただき、高齢者の外出支援と生活応援を行う。,「ふれあいカード笑顔くん」を配布,印刷製本費 11万円 / 通信運搬費 2万円
58,心身をきたえ、たくましく明るい健康なまち,福祉の推進,老人福祉施設入所措置事業,474万円,474,474万円,474.0,0.0,0.0,保健福祉課,01-03-01-03-16,高齢者虐待や支援が困難な独居高齢者等の生活の場を確保するため、養護老人ホームへの措置を図る。,養護老人ホームへの措置入所の判定,老人保護措置費 472万円
58,心身をきたえ、たくましく明るい健康なまち,福祉の推進,特別養護老人ホーム事業特別会計繰出金,"4,900万円",4900,"4,150万円",4150.0,750.0,18.072289156626507,保健福祉課,01-03-01-03-26,介護サービスを提供するため、人件費、計画的な施設・設備・備品等の整備のための経費。 計への繰出,一般会計から特別養護老人ホーム事業特別会,"特別養護老人ホーム事業特別会計繰出金 4,900万円"
58,心身をきたえ、たくましく明るい健康なまち,福祉の推進,サービス・活動事業,"3,221万円",3221,"3,223万円",3223.0,-2.0,-0.06205398696866273,保健福祉課,01-03-01-04-10,介護予防に視点を置き、要介護状態の予防又は軽減を目的に、訪問型サービスや通所型サービスによる日 常生活支援を行う。 の推進,個別の支援と地域全体の取組による介護予防,"諏訪広域連合地域支援事業負担金 2,340万円 / 地域包括支援センター負担金 882万円"
59,心身をきたえ、たくましく明るい健康なまち,福祉の推進,一般介護予防事業,"2,690万円",2690,"2,659万円",2659.0,31.0,1.1658518239939826,保健福祉課,01-03-01-04-12,住民主体の通いの場を充実、リハビリテーション専門職等の関与により、 介護予防の推進を図る。 するための各種事業の実施,自立した日常生活を営むことができるよう支援,"介護予防普及啓発事業委託料 2,085万円 / 地域介護予防活動支援事業委託料 303万円 / 地域リハビリテーション活動支援事業委託料 302万円"
59,心身をきたえ、たくましく明るい健康なまち,福祉の推進,地域支援任意事業,946万円,946,973万円,973.0,-27.0,-2.774922918807811,保健福祉課,01-03-01-04-16,少子高齢化によるライフスタイルの変化や、今後支援を必要とされる高齢 者の増加が見込まれることから、当町の地域資源を活用し、幅広い高齢者 支援体制を構築する。 全体で支えるまちづくり,独居高齢者や認知症高齢者とその家族を地域,講師等謝礼 145万円 / 配食サービス事業委託料 286万円 / 家族介護支援対策事業委託料 192万円
59,心身をきたえ、たくましく明るい健康なまち,福祉の推進,老人福祉センター指定管理費,"1,414万円",1414,"1,622万円",1622.0,-208.0,-12.82367447595561,保健福祉課,01-03-01-05-10,老人福祉法の規定に基づく高齢者の健康増進、教養の向上及びレクリ エーション等に資する施設として幅広い高齢者の利用を図る。,適切な管理運営 / 老朽箇所の修繕 / 施設の利用促進,光熱水費 363万円 / 浴場管理業務委託料 599万円 / 清掃委託料 26万円
60,心身をきたえ、たくましく明るい健康なまち,福祉の推進,地域活動支援センター事業,"1,806万円",1806,"1,739万円",1739.0,67.0,3.8527889591719378,保健福祉課,01-03-01-02-10,身体、知的障がい者で就業が困難な方に作業訓練や生活訓練を行い自立を支援する るとともに交流等による生活習慣の定着,作業訓練を通じて社会生活への適応性を高め,"会計年度任用職員報酬等 1,632万円 / 光熱水費 67万円 / 警備委託料 11万円"
60,心身をきたえ、たくましく明るい健康なまち,福祉の推進,在宅障がい者等支援事業,383万円,383,402万円,402.0,-19.0,-4.72636815920398,保健福祉課,01-03-01-02-12,在宅の障がい児者に対して必要なサービスを行い、社会参加促進を図る。 動への参加の促進を目的とした事業の実施,心や身体に障がいのある方々の自立と社会活,配食サービス事業委託料 17万円 / 障害者にやさしい住宅改良促進事業補助金 63万円 / 軽度・中等度難聴児補聴器購入助成事業補助金 6万円 / 心身障害児者タイムケア事業扶助費 260万円
60,心身をきたえ、たくましく明るい健康なまち,福祉の推進,障がい者等給付事業,252万円,252,256万円,256.0,-4.0,-1.5625,保健福祉課,01-03-01-02-14,家庭において心身障がい者を常時介護している方に介護慰労金を贈り、福祉の増進を図る。 含めた支援給付 給,心身障がい者の家庭介護者に対する慰労金を / 重度の心身障がいのある方への福祉年金の支,重度心身障害者福祉年金給付金 96万円 / 重度心身障害者家庭介護者慰労金 156万円
61,心身をきたえ、たくましく明るい健康なまち,福祉の推進,自立支援給付事業,5億245万円,50245,"4億9,320万円",49320.0,925.0,1.875506893755069,保健福祉課,01-03-01-02-16,障がいのある方が住み慣れた地域で自立と社会活動への参加を促進する。,日常生活を送るために各種サービスの提供,"障がい者総合支援センター運営費負担金 717万円 / 自立支援医療費 1,846万円 / 介護給付費 1億9,607万円 / 訓練等給付費 1億7,582万円 / 地域生活支援事業費 1,069万円"
62,仕事に誇りをもち、産業の栄える活力あるまち,産業の振興と発展,特定農地貸付事業,36万円,36,36万円,36.0,0.0,0.0,産業振興課,01-06-01-03-12,遊休農地の解消と農業振興を図ることを目的に、遊休農地を町民菜園として整備し、貸付を行うことにより農 業への理解を深めてもらう。,町民菜園の貸付,特定農地抽選会広告料 3万円 / 特定農地借上料 30万円 / 処理困難物処理手数料 2万円
62,仕事に誇りをもち、産業の栄える活力あるまち,産業の振興と発展,地域農業再生事業,65万円,65,80万円,80.0,-15.0,-18.75,産業振興課,01-06-01-03-18,米の需給調整による米価の安定対策等を行い、農業経営の安定と国内生産力を確保する。,農家の安定した経営の確保,町地域農業再生協議会補助金 65万円
63,仕事に誇りをもち、産業の栄える活力あるまち,産業の振興と発展,農業用施設改修事業,309万円,309,577万円,577.0,-268.0,-46.447140381282495,産業振興課,01-06-01-04-10,農業の基盤設備である農業用施設について、農作物を育てるために必要 な水の安定供給と洪水による農業被害防止のため、長寿命化や改良によ る施設の維持補修を行う。,農業用施設の維持管理,農業用水路等改修工事費 170万円 / 山の神汐等改修工事費 93万円 / 農業用水路等修繕料 40万円
63,仕事に誇りをもち、産業の栄える活力あるまち,産業の振興と発展,農業振興対策事業,190万円,190,207万円,207.0,-17.0,-8.212560386473431,産業振興課,01-06-01-03-10,町内の農業の活性化及び振興を図るため、関係団体への支援を行う。,農業振興を図るための各種関係団体への補助,農業祭負担金 13万円 / 農業振興特別対策事業補助金 115万円 / 町農産物即売会補助金 25万円
63,仕事に誇りをもち、産業の栄える活力あるまち,産業の振興と発展,鳥獣被害防止対策事業,169万円,169,346万円,346.0,-177.0,-51.15606936416185,産業振興課,01-06-01-03-16,農地や山林等への野生鳥獣被害対策を行い、被害の減少を図る。,被害対策に対する支援・補助,鳥獣被害対策実施隊員報酬 100万円 / 町野生鳥獣対策協議会補助金 40万円 / 鳥獣被害防止電気柵等設置事業補助金 36万円
64,仕事に誇りをもち、産業の栄える活力あるまち,産業の振興と発展,ものづくり支援センター運営事業,"2,640万円",2640,"2,577万円",2577.0,63.0,2.4447031431897557,産業振興課,01-07-01-04-10,町内の中小企業に対し、新分野・新市場展開への取組に対する支援や情報発信を行い、企業間の連携を強 化し、町・商工会議所が一体となって町の工業及びICT産業の振興を図る。,ものづくり支援センターしもすわの運営,"ものづくり支援センターしもすわ補助金 2,087万円 / 工業コーディネーター経費 462万円 / 施設運営経費 120万円 / その他の経費 18万円"
64,仕事に誇りをもち、産業の栄える活力あるまち,産業の振興と発展,商工業振興事業,"5億5,682万円",55682,"5億4,887万円",54887.0,795.0,1.448430411572868,産業振興課,01-07-01-02-10,町内の商工業に携わっている中小企業等の支援を通して、町の経済活性化と賑わいの創出を図る。 業,商工業振興助成事業 / 安心安全対策・住宅省エネ化リフォーム補助事 / チャレンジ起業支援事業補助事業,"商工会議所事業補助金 600万円 / 中小企業融資預託金 5億円 / 制度融資信用保証料補給金 1,800万円 / 商工業振興助成金 2,000万円 / チャレンジ起業支援事業補助金 300万円"
64,仕事に誇りをもち、産業の栄える活力あるまち,産業の振興と発展,観光振興事業,"7,233万円",7233,"7,398万円",7398.0,-165.0,-2.2303325223033252,産業振興課,01-07-01-03-12,町の観光振興計画に基づき、住民や地域事業者と連携し、滞在型観光や地域活 性化のための旅行商品開発を図るとともに、文化・観光・産業の宣伝・誘客等を推 進するため、地域の賑わいの創出及び持続可能な観光地域づくりを推進する。,持続可能な観光・地域づくりの推進 / 地域資源を活用した滞在型観光の推進 / 御柱祭実行委員会の立上げ,"観光協会補助金 1,500万円 / 旅行商品開発事業補助金 900万円 / 観光宿泊施設助成金 200万円"
65,仕事に誇りをもち、産業の栄える活力あるまち,産業の振興と発展,しもすわ今昔館指定管理費,"1,059万円",1059,"1,176万円",1176.0,-117.0,-9.948979591836734,産業振興課,01-07-01-03-14,歴史文化を中心とする体験・体感型施設であり、訪日外国人旅行者を含 めた観光客への情報提供を行い、まち歩きを促す観光拠点として運営す る。また、星ヶ塔ミュージアムと一体的な運営管理を行う。,しもすわ今昔館の受入環境整備,光熱水費 509万円 / 施設修繕費 49万円 / 施設管理委託料 404万円
65,仕事に誇りをもち、産業の栄える活力あるまち,産業の振興と発展,おんばしら館指定管理費,353万円,353,391万円,391.0,-38.0,-9.718670076726342,産業振興課,01-07-01-03-20,御柱祭などの歴史文化に親しむ機会を創出し、下諏訪の歴史文化発信に貢献す る施設として、指定管理者(下諏訪町地域開発公社)と連携し、管理運営を行う。ま た、春宮周辺の観光拠点として、来訪者への情報発信を行う。,おんばしら館よいさの維持管理,光熱水費等 160万円 / 施設管理委託料 180万円
65,仕事に誇りをもち、産業の栄える活力あるまち,産業の振興と発展,観光施設管理費,"1,511万円",1511,"1,760万円",1760.0,-249.0,-14.147727272727273,産業振興課,01-07-01-03-10,町を訪れた観光客の皆様が安全で楽しい観光ができるように、観光施設 の適切な維持管理を行うとともに、八島高原に訪れる方々に安心・安全に 自然を楽しんでいただくため、遊歩道（木道）の維持管理を行う。,来訪者の受入環境整備,光熱水費等 395万円 / 施設管理委託料 578万円 / 八島高原駐車場管理委託事業 200万円
66,仕事に誇りをもち、産業の栄える活力あるまち,活躍する人材の充実,八島ビジターセンターあざみ館指定管理費,107万円,107,93万円,93.0,14.0,15.053763440860216,産業振興課,01-07-01-03-18,八島高原は多くの観光客が訪れる観光地であり、滞在型観光・誘客に繋がる事 業、次世代へ継承していく自然環境の保全・保護活動の情報発信施設であるた め、指定管理者(下諏訪観光協会)と連携し、適切な管理運営を行う。,八島ビジターセンターあざみ館の維持管理,光熱水費 42万円 / 施設修繕料 27万円 / 施設管理委託料 15万円
66,仕事に誇りをもち、産業の栄える活力あるまち,活躍する人材の充実,労務対策事業,177万円,177,197万円,197.0,-20.0,-10.152284263959391,産業振興課,01-05-01-01-10,雇用拡大、人材確保等を目的に、労務対策協議会等と連携して就職説明 会を開催する他、奨学金の返還支援の補助や、退職金共済契約を締結し た際の補助を行う。,諏訪地域合同就職説明会等の実施 / 中小企業退職金共済掛金補助事業の実施,労務改善事業等への負担金 102万円 / 中小企業退職金共済掛金補助金 28万円 / 奨学金返還支援補助金 30万円
66,仕事に誇りをもち、産業の栄える活力あるまち,活躍する人材の充実,勤労者福祉対策事業,"2,337万円",2337,"2,345万円",2345.0,-8.0,-0.3411513859275053,産業振興課,01-05-01-01-12,諏訪湖勤労者福祉サービスセンターの補助や、ろうきんと連携した勤労者生活資金融資により、町内勤労者 の生活安定と福祉の向上を図る。,勤労者生活資金融資事業 / 中小企業勤労者総合福祉推進事業補助事業,"長野県労働金庫預託金 2,000万円 / 諏訪湖勤労者福祉サービスセンター補助金 274万円 / 勤労者住宅新築等資金への利子補給金 70万円"
67,仕事に誇りをもち、産業の栄える活力あるまち,活躍する人材の充実,ふるさとまちづくり寄附金事業,414万円,414,338万円,338.0,76.0,22.485207100591715,総合政策課,01-02-01-06-46,広く下諏訪町に関心をもっていただく寄付者の方々の気持ちに応えるべ く、町の活性化に向けて返礼品の拡充・PR等に努める。,ふるさと納税寄附金額の増加,ふるさと納税返礼品代 216万円 / ふるさと納税税額控除関係書類送付代 10万円 / ふるさと納税サイト広告料 20万円
67,仕事に誇りをもち、産業の栄える活力あるまち,活躍する人材の充実,移住定住促進対策事業,"3,509万円",3509,"3,979万円",3979.0,-470.0,-11.812013068610204,産業振興課,01-07-01-05-10,当町への移住定住を促し、空き家の解消と人口増を図る。 性化事業」の推進,地域おこし協力隊事業 / 各種補助事業による移住施策の推進 / 「官民連携による歴史文化の振興及び産業活,"地域おこし協力隊報酬等 1,651万円 / 歴史文化活用地域賑わい事業委託料 450万円 / 空き家等仲介補助金 88万円"
67,仕事に誇りをもち、産業の栄える活力あるまち,活躍する人材の充実,しごと創生推進事業,198万円,198,211万円,211.0,-13.0,-6.161137440758294,産業振興課,01-07-01-05-14,移住して起業を目指す方や、二拠点居住をされる方に対し、各人の得意分野を活かした事業展開を地域活性 化に繋げるため、しごと創生拠点施設「ホシスメバ」への居住による安価で快適なワークスペースを提供する。 口の増加,しごと創生拠点施設「ホシスメバ」による関係人,光熱水費 131万円 / 消防用設備保守委託料 14万円 / ホシスメバ周辺整備補助委託料 11万円 / 施設修繕代 10万円
68,仕事に誇りをもち、産業の栄える活力あるまち,活躍する人材の充実,結婚新生活支援事業,140万円,140,138万円,138.0,2.0,1.4492753623188406,産業振興課,01-07-01-05-16,婚姻に伴う新生活を経済的に支援することで、町における婚姻数の増加と少子化への対策を図る。,新婚世帯に対する住宅提供 / 新婚生活に係る経済的負担の低減,結婚新生活支援事業補助金 120万円 / クリーニング代 6万円 / 居室使用料キャッシュレス決済手数料 6万円 / 施設修繕代 2万円
68,仕事に誇りをもち、産業の栄える活力あるまち,活躍する人材の充実,移住交流総合拠点施設整備事業,"9,577万円",9577,735万円,735.0,8842.0,1202.9931972789116,産業振興課,01-07-01-05-20,新たな町の移住交流拠点として、御田町の「旧矢﨑商店」を活用し、起 業・創業・移住定住施策の促進を図る。,施設供用開始に向けた必要な改修工事 / 官民連携の運営体制の確立,"旧矢﨑商店改修工事費 9,699万円 / 旧矢﨑商店工事監理業務委託料 404万円 / 旧矢﨑商店ホームページ制作費 100万円"
69,思いやりの心をもち、うるおいと安らぎのある住みよいまち,安心安全な暮らし,一般経費(防災諸費),"1,966万円",1966,"5,928万円",5928.0,-3962.0,-66.8353576248313,総務課,01-02-01-10-05,町防災行政無線、県防災行政無線、電波利用負担金、雨量・気象システム、AED といった町の防災機器の更新・保守に必要な費用を適切に確保し、災害発生時に 迅速かつ安全な情報伝達や住民支援が行える体制を維持する。,システムの安定運用・保守 / 年次計画に基づくシステム更改の達成率 / 被災時の迅速な復旧,災害対策費用保険料 83万円 / 防災情報アプリ保守委託料 132万円 / 防災行政無線受信機更新委託料 524万円
69,思いやりの心をもち、うるおいと安らぎのある住みよいまち,安心安全な暮らし,災害用医薬品備蓄事業,25万円,25,22万円,22.0,3.0,13.636363636363635,総務課,01-02-01-10-12,災害拠点病院（諏訪共立病院）における応急医療体制を確保することを 目的とし、災害時に多発する外傷・脱水・感染・出血などの病態に対応す る必須薬品を備蓄する。,必須薬品の計画的備蓄,医薬材料費 25万円
70,思いやりの心をもち、うるおいと安らぎのある住みよいまち,安心安全な暮らし,災害応急事業,6万円,6,6万円,6.0,0.0,0.0,保健福祉課,01-03-01-07-10,火災や水害等の自然災害で死亡、負傷した場合や家屋に損害を受けた町民及びその遺族に対し、災害の状 況に応じた見舞金を支給する。,災害の状況に応じた見舞金の支給,罹災者見舞金 6万円
70,思いやりの心をもち、うるおいと安らぎのある住みよいまち,安心安全な暮らし,災害救助事業,2万円,2,2万円,2.0,0.0,0.0,保健福祉課,01-03-04-01-10,罹災した町民及びその遺族が生活を復興させるための援助を行う。 給及び災害援護資金の貸付,法の規定に基づく災害慰労金・障害見舞金の支,災害弔慰金支給審査委員報酬 2万円
70,思いやりの心をもち、うるおいと安らぎのある住みよいまち,安心安全な暮らし,水防対策事業,5万円,5,6万円,6.0,-1.0,-16.666666666666664,建設水道課,01-08-03-02-10,毎年、水防協議会を開催し水防計画の見直しと現況にあった水防訓練を関係機関と連携し実施する。 施,水防計画の見直し / 関係機関と連携した現況にあった水防訓練の実,水防協議会委員報酬 2万円 / 水防訓練に係る消耗品費 3万円
71,思いやりの心をもち、うるおいと安らぎのある住みよいまち,安心安全な暮らし,消防防災施設管理費,599万円,599,407万円,407.0,192.0,47.174447174447174,消防課,01-09-01-03-10,防災拠点となる消防団屯所や、消火栓や防火水槽等の消防水利の維持管理を行う。,消防団屯所や消防水利施設の維持管理,修繕料 376万円 / 光熱水費 101万円
71,思いやりの心をもち、うるおいと安らぎのある住みよいまち,安心安全な暮らし,消防防災施設整備事業,"3,329万円",3329,"2,514万円",2514.0,815.0,32.41845664280032,消防課,01-09-01-03-12,消防防災のための消防水利や消防車両等を整備することにより、災害に強いまちづくりを目指す。,消防防災施設の計画的な整備,"消火栓設置等工事費 550万円 / 車両購入費 2,696万円 / 事業用備品購入費 57万円"
71,思いやりの心をもち、うるおいと安らぎのある住みよいまち,安心安全な暮らし,消防団活動事業,643万円,643,639万円,639.0,4.0,0.6259780907668232,消防課,01-09-01-02-10,消防防災の要となる消防団の充実強化により災害に強いまちづくりを目 指す。,消防団装備の計画的な更新と団員の育成,分団運営交付金 232万円 / 準中型自動車免許取得費補助金 10万円
72,思いやりの心をもち、うるおいと安らぎのある住みよいまち,安心安全な暮らし,地域防災力強化事業,"1,002万円",1002,321万円,321.0,681.0,212.1495327102804,総務課,01-02-01-10-10,防災意識日本一のまちづくりを目指し、「自助」「共助」の意識を高め、地域防災 力を強化する。防災ミニ講座や避難訓練を実施し、町民の防災意識を図る。また、 自主防災会の備蓄資機材購入や防災ネットワークへの補助を行う。,防災意識の向上 / 地域防災力の強化,消耗品費 106万円 / 総合ハザードマップ作成委託料 681万円 / 自主防災会補助金 111万円
72,思いやりの心をもち、うるおいと安らぎのある住みよいまち,安心安全な暮らし,住宅・建築物安全ストック形成事業,"1,328万円",1328,"2,192万円",2192.0,-864.0,-39.416058394160586,建設水道課,01-08-04-01-12,既存建築物（S56年5月31日以前に着工）の耐震性能を確保するため、耐震診 断とその結果に基づく耐震改修工事・除却工事を促進することにより、今後予想さ れる地震災害に対して町民の生命・財産を守ることを目的とする。,住民への積極的な普及啓発 / 耐震改修工事および除却工事に対する補助,"耐震診断業務委託料 264万円 / 住宅・建築物耐震改修総合支援事業補助金1,064万円"
72,思いやりの心をもち、うるおいと安らぎのある住みよいまち,安心安全な暮らし,犯罪被害者等支援事業,104万円,104,104万円,104.0,0.0,0.0,総務課,01-02-01-09-24,犯罪被害者等に対し、迅速かつ身近な支援を行い、受けた被害の早期回復及び軽減を図るとともに、誰もが 安心して暮らすことができる社会づくりを目指す。,多機関ワンストップサービス体制による支援 / 支援金、生活助成金の支給による支援,犯罪被害者等支援活動負担金 4万円 / 犯罪被害者等支援金 100万円
73,思いやりの心をもち、うるおいと安らぎのある住みよいまち,安心安全な暮らし,交通安全施設整備事業,277万円,277,287万円,287.0,-10.0,-3.484320557491289,建設水道課,01-08-01-02-10,交通事故のない安心安全で快適な社会の実現を目指す。,通学路を中心した交通安全施設の充実,交通安全施設整備工事費 277万円
73,思いやりの心をもち、うるおいと安らぎのある住みよいまち,安心安全な暮らし,交通災害共済事業特別会計,"1,390万円",1390,"1,480万円",1480.0,-90.0,-6.081081081081082,住民環境課,交通災害共済事業特別会計,交通事故による負傷または死亡に対し、会員に見舞金を支給する。,共済見舞金の支給,"共済見舞金 1,000万円 / 交通災害共済事務運営費 363万円 / 基金積立金 27万円"
73,思いやりの心をもち、うるおいと安らぎのある住みよいまち,安心安全な暮らし,一般経費(消費者行政費),19万円,19,45万円,45.0,-26.0,-57.77777777777777,住民環境課,01-02-01-07-05,消費者の利益の擁護、権利の尊重及び自立を支援し、消費生活に関する知識の普及、情報の提供、消費者 団体の育成を行う。,消費生活に関わる様々な相談の実施,消費者の会補助金 17万円 / 消耗品費 2万円
74,思いやりの心をもち、うるおいと安らぎのある住みよいまち,安心安全な暮らし,一般相談事業,47万円,47,47万円,47.0,0.0,0.0,住民環境課,01-02-01-09-14,町民の悩みや心配事を解決するため、相談内容に応じた窓口を開設し、問題解決への道を開く。,専門家と連携した相談体制の充実,講師等謝礼 45万円 / 普通旅費 2万円
74,思いやりの心をもち、うるおいと安らぎのある住みよいまち,安心安全な暮らし,なんでも相談事業,8万円,8,6万円,6.0,2.0,33.33333333333333,住民環境課,01-02-01-09-20,相談専用の直通電話や窓口、メール等を通じて寄せられる、町民からの 様々な相談に対して、専門機関等と連携し、迅速かつ丁寧に対応する。,専門機関等と連携した相談体制の充実,印刷製本費 7万円
74,思いやりの心をもち、うるおいと安らぎのある住みよいまち,安心安全な暮らし,移動販売事業,342万円,342,531万円,531.0,-189.0,-35.59322033898305,住民環境課,01-02-01-09-22,民間事業者への委託により、専用車両に生鮮等食品や日用品などを積み 込み、販売場所として定められた場所を回り、販売を行う。 ※大型商業施設の再開にあわせて、各地区と調整のうえ事業見直し予定 売,移動販売車「やしマルシェ」による訪問対面販,移動販売事業委託料 335万円 / 事業協力者等謝礼 4万円
75,思いやりの心をもち、うるおいと安らぎのある住みよいまち,安心安全な暮らし,広報事業,362万円,362,345万円,345.0,17.0,4.9275362318840585,総務課,01-02-01-08-10,町の施策や事業の内容を町民に分かりやすく伝え、町民の理解と協力を 得るとともに、町政への関心と参加を促進する。,情報発信基盤の強化 / 広報誌の発行 / 町主催イベント等の参加申込みの電子化,印刷製本費 359万円
75,思いやりの心をもち、うるおいと安らぎのある住みよいまち,安心安全な暮らし,広聴事業,10万円,10,11万円,11.0,-1.0,-9.090909090909092,総務課,01-02-01-08-12,町民の意見、要望及び提案を的確に把握し、町政運営に反映させること で、町民参加の推進と開かれた町政の実現を図る。 付,町長への手紙 / 町政に関する意見を含む問い合わせメールの受,印刷製本費 9万円
75,思いやりの心をもち、うるおいと安らぎのある住みよいまち,安心安全な暮らし,電子計算機処理事業,"1億8,011万円",18011,2億54万円,20054.0,-2043.0,-10.18749376682956,総務課,01-02-01-12-10,住民情報を管理するシステムや庁内業務システムについて、適切な保守管理と確 実な情報セキュリティ対策を実施する。さらに、年次計画に基づき国の制度改正や 新技術を考慮したシステム更改や機器更新を行い、必要な予算を確保することで、 住民サービスを滞りなく提供する体制を維持する。,保守管理と情報セキュリティ対策の見直し,"公金収納システム構築委託料 88万円 / 庁内情報システム調達委託料 1,877万円 / 住民行政システム端末機等使用料 7,266万円"
76,思いやりの心をもち、うるおいと安らぎのある住みよいまち,安心安全な暮らし,一般経費(デジタル化推進費),991万円,991,"1,203万円",1203.0,-212.0,-17.622610141313384,総合政策課,01-02-01-13-05,急速に進展する情報化社会に対応するため、下諏訪町DX推進計画に基づき、デジタル技術の活用による行 政サービスの利便性と安全性を高める。,行政手続オンライン化の促進 / 業務改善の検討や実証実験の取組 / デジタル人材の育成,戸籍電子情報処理ソフトウェア使用料 803万円 / 戸籍電子情報処理機器借上料 124万円
76,思いやりの心をもち、うるおいと安らぎのある住みよいまち,安心安全な暮らし,戸籍電子情報処理事業,928万円,928,"1,029万円",1029.0,-101.0,-9.815354713313896,住民環境課,01-02-03-01-10,来庁者に対し、出生・婚姻等の戸籍の受付・転出・転入等の住民異動届等の受付、各種証明書の発行、マイ ナンバーカード関連事務、切手等の販売、休日窓口、コンビニでの証明書交付、死亡後のお手続き等の各種 手続きにおいてワンストップサービスを充実を図り住民サービスの向上に努める。 充実,「総合サービス」を推進する上での総合窓口の,POSアプリ使用料 74万円 / 保護者連絡用アプリ使用料 33万円 / ＲＰＡソフトウェア使用料 211万円 / オンライン申請ツール負担金 51万円
76,思いやりの心をもち、うるおいと安らぎのある住みよいまち,安心安全な暮らし,コンビニ証明書交付事業,875万円,875,905万円,905.0,-30.0,-3.314917127071823,住民環境課,01-02-03-01-16,マイナンバーカードを利用して、休日や閉庁時間に全国のコンビニ等から 住民票、戸籍証明書、印鑑登録証明書等各種証明書が取得できる行政 サービスにより、住民への利便性向上を図る。,コンビニ証明書発行サービスの利便性の周知 / コンビニ証明書発行サービスの保守管理,手数料 1万円 / 情報センタ委託料 380万円 / 事務機器借上料 371万円
77,思いやりの心をもち、うるおいと安らぎのある住みよいまち,相互理解の実現,情報公開・個人情報保護事業,6万円,6,7万円,7.0,-1.0,-14.285714285714285,住民環境課,01-02-03-01-14,法令に基づき、個人情報保護及び情報公開制度を適切に運用する。運用 にあたり疑義が生じた場合には、必要に応じて下諏訪町情報公開・個人 情報保護審査会の意見を聴き、適切に対応する。,制度改正に応じた条例等の見直し / マイナンバーカード関連事務の円滑実施,情報公開・個人情報保護審査会委員報酬 2万円 / 消耗品費 4万円
77,思いやりの心をもち、うるおいと安らぎのある住みよいまち,相互理解の実現,人権教育事業,29万円,29,29万円,29.0,0.0,0.0,総務課,01-02-01-12-12,諮問,人権教育の推進 / 下諏訪町情報公開・個人情報保護審査会への,講師等謝礼 3万円 / 印刷製本費 26万円
77,思いやりの心をもち、うるおいと安らぎのある住みよいまち,相互理解の実現,個人番号関連事業,"2,495万円",2495,"1,485万円",1485.0,1010.0,68.01346801346801,教育こども課,01-10-04-05-10,行政手続きにおける特定の個人を識別するための番号の利用等に関する 法律（番号法）に基づき、個人番号を適正に管理し、マイナンバーカードの 申請・交付・更新等の関連事務を円滑に実施することを目的とする。,個人番号の適正な管理,"会計年度任用職員報酬等 1,820万円 / 通信運搬費 66万円 / 住民基本台帳機器保守委託料 93万円"
78,思いやりの心をもち、うるおいと安らぎのある住みよいまち,連携による地域の活性化,男女共同参画推進事業,10万円,10,10万円,10.0,0.0,0.0,総合政策課,01-02-01-06-32,下諏訪町男女共同参画いきいき社会づくり条例に基づき、町民誰もがい きいき暮らせる社会の実現を目指す。,男女共同参画に対する意識改革 / 男女共同参画に関する情報の提供,講師等謝礼 5万円 / 印刷製本費 2万円
78,思いやりの心をもち、うるおいと安らぎのある住みよいまち,連携による地域の活性化,戦没者追悼式経費,63万円,63,57万円,57.0,6.0,10.526315789473683,保健福祉課,01-03-01-01-14,戦没者を追悼し、恒久平和への誓いを新たにするため戦没者追悼式を実 施する。,戦没者追悼式の挙行,祭壇制作委託料 60万円
78,思いやりの心をもち、うるおいと安らぎのある住みよいまち,連携による地域の活性化,プロジェクト推進事業,122万円,122,191万円,191.0,-69.0,-36.12565445026178,総合政策課,01-02-01-06-12,町が推進する事業の実施にあたり、各種庁内プロジェクトを編成し、それぞ れ成果を得られるようにする。 進,出会いの場イベント参加者増に向けた取組の推 / 新たな収入基盤の確保,健康まちづくり研究委託料 99万円 / 記念品代 3万円 / 消耗品費 2万円
79,思いやりの心をもち、うるおいと安らぎのある住みよいまち,連携による地域の活性化,協働推進事業,541万円,541,565万円,565.0,-24.0,-4.2477876106194685,総合政策課,01-02-01-06-26,下諏訪町協働推進条例に基づき、町民等が自主的かつ主体的に行う事 業に対して、地域の活力創生チャレンジ事業支援金を交付し、個性とアイ ディア溢れるまちづくりを支援する。 活用補助 向けた周知,地域の活力創生チャレンジ事業支援金の周知・ / まちづくりおでかけトークの周知 / 下諏訪町づくり協働サポートセンター利用増に,事業協力者等謝礼 7万円 / 修繕料 16万円 / 地域の活力創生チャレンジ事業支援金 500万円
79,思いやりの心をもち、うるおいと安らぎのある住みよいまち,連携による地域の活性化,公会所整備事業,260万円,260,495万円,495.0,-235.0,-47.474747474747474,総合政策課,01-02-01-01-20,区及び町内会が所有する公会所や公民館を整備する事業に対して助成 を行い、地域コミュニティ活動の促進や自治意識の高揚を図る。 増改築、改修、冷房・LED設備設置等）,公会所整備事業補助金助成(対象事業：新築、,荒汐部屋交流連携実行委員会負担金 75万円 / 諏訪広域公立大学事務組合負担金 26万円 / 長善館運営補助金 10万円 / 中央東線高速化促進・定広域期成同盟会負担金 1万円 / おでかけ町長室会場借上料 2万円
79,思いやりの心をもち、うるおいと安らぎのある住みよいまち,連携による地域の活性化,一般経費(企画費),149万円,149,200万円,200.0,-51.0,-25.5,総合政策課,01-02-01-06-05,広域的な連携による企画調整を要する事業及び広聴事業を推進する。,広域的な連携による事業の実施 / おでかけ町長室などによる広聴事業の推進 / 企画調整を要する事業の推進,公会所整備事業補助金 260万円
80,思いやりの心をもち、うるおいと安らぎのある住みよいまち,連携による地域の活性化,し尿処理事業,"1,402万円",1402,14万円,14.0,1388.0,9914.285714285714,住民環境課,01-04-02-03-10,岡谷市、辰野町と共同で管理運営する湖北衛生センター（し尿処理施設）の湖北行政事務組合への負担金,適正な施設管理,消耗品費 12万円
82,行財政経営,連携による地域の活性化,職員研修事業,123万円,123,214万円,214.0,-91.0,-42.523364485981304,総務課,01-02-01-01-10,職員全体研修、各種実務者研修への参加を通じ、職員の資質向上とスキルアップを図り、人材育成へと繋げ ていく。,職員研修の充実と参加の促進,職員研修負担金 40万円 / 講師派遣手数料 60万円 / 職員通信教育講座助成金 4万円
82,行財政経営,連携による地域の活性化,職員厚生事業,517万円,517,507万円,507.0,10.0,1.9723865877712032,総務課,01-02-01-01-12,定期健康診断等の実施、産業医・心理相談員との連携を図り、職員が健康で安心して働ける職場の環境を整 備し、互助会補助を通じ職員の健康増進に寄与する。,職員の福利厚生,職員健康診断委託料 345万円 / 産業医設置 42万円 / 心理相談員設置 30万円 / 職員等互助会補助金 100万円
83,行財政経営,連携による地域の活性化,文書業務費,"1,353万円",1353,"1,353万円",1353.0,0.0,0.0,総務課,01-02-01-01-14,文書規程による郵便業務、書籍等購入・追録業務、例規集システム関連業務等を適切に執行する。 境の維持,庁内郵便物の適切な集約・発送管理 / 例規集システムの運用・管理による法制執務環,消耗品、追録代、新聞購読料等 176万円 / 郵便料 660万円 / 例規集システム更新等委託料 395万円 / インターネット情報サービス料 122万円
83,行財政経営,連携による地域の活性化,庁用共通経費,446万円,446,576万円,576.0,-130.0,-22.569444444444446,総務課,01-02-01-01-16,庁内で使用する消耗品等の一括管理を行うことにより、消耗品等のコスト削減及び環境負荷の低減を図る。,庁内で使用する消耗品等の一括管理,消耗品費 344万円 / 印刷製本費 60万円 / 事務機器借上料 31万円 / リソグラフ保守委託料 9万円
83,行財政経営,連携による地域の活性化,秘書経費,327万円,327,359万円,359.0,-32.0,-8.913649025069638,総務課,01-02-01-01-22,町長等が、町政の円滑な運営や執行を図るため、町を代表して行う表敬 や交際などに対する必要経費であり、慶弔費、激励費や自動車借上料等 が含まれる。,交際費の適正な支出管理,町政功労者等表彰経費 49万円 / 町長等の出張旅費 23万円 / 町長交際費 180万円
84,行財政経営,連携による地域の活性化,契約事業,100万円,100,71万円,71.0,29.0,40.845070422535215,総務課,01-02-01-02-10,入札参加資格の審査及び入札参加業者の選定等を行い、法令等に基づいて建設工事、委託業務及び物品 購入等の入札、契約を適正に執行する。,入札・契約事務の適正な執行,電子入札システム保守委託料 34万円 / 電子入札システム利用負担金 1万円 / 入札参加資格審査システム負担金 18万円 / 電子契約システム利用負担金 37万円
84,行財政経営,連携による地域の活性化,庁舎管理費,"2,536万円",2536,"2,921万円",2921.0,-385.0,-13.180417665183155,総務課,01-02-01-04-10,来庁者及び町職員に対して、庁舎等施設の快適性や安全性を確保するた めに維持管理や修繕等を行うとともに、維持管理に係る経費（燃料・光熱 水費）の削減及び省エネルギーを図る。,庁舎等施設の適切な維持管理,光熱水費 950万円 / 清掃委託料 660万円 / 修繕料 436万円
84,行財政経営,連携による地域の活性化,一般経費(車両管理費),388万円,388,352万円,352.0,36.0,10.227272727272728,総務課,01-02-01-05-05,公用車及び公用バスの安全な運行を行う。,公用車及び公用バスの安全な運行,運転業務委託料 200万円 / 有料道路通行料 90万円 / 自動車事故等損害賠償金 50万円 / 自動車借上料 30万円
85,行財政経営,連携による地域の活性化,車両管理費,485万円,485,586万円,586.0,-101.0,-17.235494880546078,総務課,01-02-01-05-10,公用車両の適切な管理により、効率的な運行を行うとともに、交通事故等 の防止を図る。,公用車両の維持管理,修繕料 228万円 / 燃料費 123万円 / 自動車損害保険料 86万円
85,行財政経営,連携による地域の活性化,行政改革推進事業,6万円,6,16万円,16.0,-10.0,-62.5,総合政策課,01-02-01-06-10,町の事務事業に対する取り組みや進め方に対し内部での検証と見直し等を行うとともに、有識者や町民等で 構成する審議会からの意見を反映し、効率的で質の高い行政サービスを提供する。,行政改革大綱推進計画の実施 / 事務事業評価の実施 / 行政改革審議会の開催,行政改革審議会委員報酬 6万円
85,行財政経営,連携による地域の活性化,総合計画策定事業,207万円,207,104万円,104.0,103.0,99.03846153846155,総合政策課,01-02-01-06-20,総合的かつ計画的にまちづくりを進めていくため、10年ごとに下諏訪町総合計画を改訂し、5年ごとに基本計 画を策定する。,町民意見の聴取 / 計画策定,総合計画書冊子印刷代 202万円
86,行財政経営,連携による地域の活性化,地方創生推進事業,8万円,8,27万円,27.0,-19.0,-70.37037037037037,総合政策課,01-02-01-06-36,多様で客観的な視点から効果検証を行うことで、地方創生に向けた各種施策への効果的な取り組みを進め る。,地域の多様な主体の参画による会議の開催,事業協力者等謝礼 6万円 / 消耗品費 1万円 / 普通旅費 1万円
86,行財政経営,連携による地域の活性化,地方創生応援税制寄附金事業,80万円,80,29万円,29.0,51.0,175.86206896551724,総合政策課,01-02-01-06-48,企業からの寄附を第３期下諏訪町未来を創る総合戦略に位置づけた事業に充当することにより、地域課題の 解決やまちづくりの推進を図る。,寄附件数の増加に向けた取組の推進,企業版ふるさと納税推進業務委託料 66万円 / 印刷製本費 9万円 / 消耗品費 2万円 / 普通旅費 2万円 / 通信運搬費 1万円
86,行財政経営,連携による地域の活性化,選挙常時啓発事業,4万円,4,4万円,4.0,0.0,0.0,総務課,01-02-04-02-10,常時から町民の政治参加意識を高め、選挙時の投票率の向上を目指す。 成,将来を担う子どもたちの政治に対する意識の醸 / 若年層に向けた啓発活動,選挙常時啓発事業費 4万円
87,行財政経営,連携による地域の活性化,経済センサス活動調査費,219万円,219,－,,,,総務課,01-02-05-02-28,全国の事業所・企業の実態を把握し、産業政策や地域振興計画の基礎資料を提 供する。5年ごとに行われ、前年に対象事業所確認や調査票作成を行い、本番で は郵送やオンラインでの提出促進、未提出者へのフォローを実施する。,調査業務の効率化と信頼性の高い統計の作成,会計年度任用職員報酬 43万円 / 調査員報酬 123万円 / 指導員報酬 8万円
87,行財政経営,連携による地域の活性化,町債償還元金,"10億3,021万円",103021,"9億9,126万円",99126.0,3895.0,3.929342453039566,総務課,01-11-01-01-10,財源補完及び投資的事業の世代間公平負担を図ることを目的とした、地方債の過年度借入分元金の償還を 行うことで、未償還元金残高の減少を図る。,償還元金の縮減,"赤砂崎公園整備事業債元金 4,888万円 / 下諏訪南小学校改築事業債元金 4,541万円 / 防災行政無線設備等改修事業債元金 1,746万円"
87,行財政経営,連携による地域の活性化,町債償還利子,"5,582万円",5582,"4,028万円",4028.0,1554.0,38.57994041708044,総務課,01-11-01-02-10,財源補完及び投資的事業の世代間公平負担を図ることを目的とした、地方債の過年度借入分利子の償還を 行うことで、未償還利子残高の減少を図る。,償還利子の縮減,"赤砂崎公園整備事業債利子 348万円 / 高木橋改良事業債利子 58万円 / 総合文化センター改修事業債利子 1,418万円"
88,行財政経営,連携による地域の活性化,財務会計経費,61万円,61,66万円,66.0,-5.0,-7.575757575757576,税務会計課,01-02-01-03-10,財務会計システムによる会計管理,会計業務の適切な管理運営,消耗品費 31万円 / 印刷製本費 30万円
88,行財政経営,連携による地域の活性化,賦課徴収経費,"3,872万円",3872,"6,484万円",6484.0,-2612.0,-40.28377544725478,税務会計課,01-02-02-02-10,地方税法に基づき、町税の適切な賦課徴収を行う。,固定資産税関係事業 / 地方税共同機構関係事業 / 収納・諸税関係事業,"納税通知書等郵送料 444万円 / 公図の電子管理等システム保守委託料 230万円 / 税制改正等に伴うシステム改修委託料 683万円 / 情報センタ委託料 1,241万円 / 固定資産税課税台帳にかかる整備委託料 262万円"
